
SET NAMES utf8;
SET FOREIGN_KEY_CHECKS = 0;


-- ----------------------------
--  Records of `ACT_GE_BYTEARRAY`
-- ----------------------------
BEGIN;
INSERT INTO `ACT_GE_BYTEARRAY` VALUES ('10', '1', 'source', null, 0x7b22626f756e6473223a7b226c6f7765725269676874223a7b2278223a313438352e302c2279223a3730302e307d2c2275707065724c656674223a7b2278223a302e302c2279223a302e307d7d2c227265736f757263654964223a2263616e766173222c227374656e63696c223a7b226964223a2242504d4e4469616772616d227d2c227374656e63696c736574223a7b226e616d657370616365223a22687474703a2f2f62336d6e2e6f72672f7374656e63696c7365742f62706d6e322e3023222c2275726c223a222e2e2f656469746f722f7374656e63696c736574732f62706d6e322e302f62706d6e322e302e6a736f6e227d2c2270726f70657274696573223a7b2270726f636573735f6964223a226c65617665222c2270726f636573735f6e616d657370616365223a22687474703a2f2f7777772e61637469766974692e6f72672f70726f63657373646566222c226d65737361676573223a5b5d2c22657865637574696f6e6c697374656e657273223a7b22657865637574696f6e4c697374656e657273223a5b5d7d2c226576656e746c697374656e657273223a7b226576656e744c697374656e657273223a5b5d7d2c227369676e616c646566696e6974696f6e73223a5b5d2c226d657373616765646566696e6974696f6e73223a5b5d7d2c226368696c64536861706573223a5b7b22626f756e6473223a7b226c6f7765725269676874223a7b2278223a3232342e302c2279223a3137382e307d2c2275707065724c656674223a7b2278223a3139342e302c2279223a3134382e307d7d2c227265736f757263654964223a227369642d36444139393943342d354146352d343737412d384536362d464430384445373334424539222c226368696c64536861706573223a5b5d2c227374656e63696c223a7b226964223a2253746172744e6f6e654576656e74227d2c2270726f70657274696573223a7b226f766572726964656964223a227369642d36444139393943342d354146352d343737412d384536362d464430384445373334424539227d2c226f7574676f696e67223a5b7b227265736f757263654964223a227369642d35413339423430392d444532332d343439342d424639362d393332443745303341334142227d5d7d2c7b22626f756e6473223a7b226c6f7765725269676874223a7b2278223a3336392e302c2279223a3230332e307d2c2275707065724c656674223a7b2278223a3236392e302c2279223a3132332e307d7d2c227265736f757263654964223a227369642d34354243304633412d353830352d343943362d423932332d353334304136463043333833222c226368696c64536861706573223a5b5d2c227374656e63696c223a7b226964223a22557365725461736b227d2c2270726f70657274696573223a7b226f766572726964656964223a227369642d34354243304633412d353830352d343943362d423932332d353334304136463043333833222c226e616d65223a22e4b880e7baa7e5aea1e689b9222c226173796e6368726f6e6f7573646566696e6974696f6e223a66616c73652c226578636c7573697665646566696e6974696f6e223a747275652c227461736b6c697374656e657273223a7b227461736b4c697374656e657273223a5b5d7d2c22657865637574696f6e6c697374656e657273223a7b22657865637574696f6e4c697374656e657273223a5b5d7d7d2c226f7574676f696e67223a5b7b227265736f757263654964223a227369642d33434241314436452d414336332d343731392d414138372d333343344346354643303039227d5d7d2c7b22626f756e6473223a7b226c6f7765725269676874223a7b2278223a3137322e302c2279223a3231322e307d2c2275707065724c656674223a7b2278223a3132382e302c2279223a3231322e307d7d2c227265736f757263654964223a227369642d35413339423430392d444532332d343439342d424639362d393332443745303341334142222c226368696c64536861706573223a5b5d2c227374656e63696c223a7b226964223a2253657175656e6365466c6f77227d2c22646f636b657273223a5b7b2278223a31352e302c2279223a31352e307d2c7b2278223a35302e302c2279223a34302e307d5d2c226f7574676f696e67223a5b7b227265736f757263654964223a227369642d34354243304633412d353830352d343943362d423932332d353334304136463043333833227d5d2c22746172676574223a7b227265736f757263654964223a227369642d34354243304633412d353830352d343943362d423932332d353334304136463043333833227d2c2270726f70657274696573223a7b226f766572726964656964223a227369642d35413339423430392d444532332d343439342d424639362d393332443745303341334142227d7d2c7b22626f756e6473223a7b226c6f7765725269676874223a7b2278223a3531342e302c2279223a3230332e307d2c2275707065724c656674223a7b2278223a3431342e302c2279223a3132332e307d7d2c227265736f757263654964223a227369642d36343245453834442d343733332d343346372d423437432d433144313336304232454533222c226368696c64536861706573223a5b5d2c227374656e63696c223a7b226964223a22557365725461736b227d2c2270726f70657274696573223a7b226f766572726964656964223a227369642d36343245453834442d343733332d343346372d423437432d433144313336304232454533222c226e616d65223a22e4ba8ce7baa7e5aea1e689b9222c226173796e6368726f6e6f7573646566696e6974696f6e223a66616c73652c226578636c7573697665646566696e6974696f6e223a747275652c227461736b6c697374656e657273223a7b227461736b4c697374656e657273223a5b5d7d2c22657865637574696f6e6c697374656e657273223a7b22657865637574696f6e4c697374656e657273223a5b5d7d7d2c226f7574676f696e67223a5b7b227265736f757263654964223a227369642d32344536433044382d384538362d343634382d393631432d354643433032454631343538227d5d7d2c7b22626f756e6473223a7b226c6f7765725269676874223a7b2278223a3137322e302c2279223a3231322e307d2c2275707065724c656674223a7b2278223a3132382e302c2279223a3231322e307d7d2c227265736f757263654964223a227369642d33434241314436452d414336332d343731392d414138372d333343344346354643303039222c226368696c64536861706573223a5b5d2c227374656e63696c223a7b226964223a2253657175656e6365466c6f77227d2c22646f636b657273223a5b7b2278223a35302e302c2279223a34302e307d2c7b2278223a35302e302c2279223a34302e307d5d2c226f7574676f696e67223a5b7b227265736f757263654964223a227369642d36343245453834442d343733332d343346372d423437432d433144313336304232454533227d5d2c22746172676574223a7b227265736f757263654964223a227369642d36343245453834442d343733332d343346372d423437432d433144313336304232454533227d2c2270726f70657274696573223a7b226f766572726964656964223a227369642d33434241314436452d414336332d343731392d414138372d333343344346354643303039227d7d2c7b22626f756e6473223a7b226c6f7765725269676874223a7b2278223a3538372e302c2279223a3137372e307d2c2275707065724c656674223a7b2278223a3535392e302c2279223a3134392e307d7d2c227265736f757263654964223a227369642d41423945433044342d424442372d344433422d413145342d314441353239333533373639222c226368696c64536861706573223a5b5d2c227374656e63696c223a7b226964223a22456e644e6f6e654576656e74227d2c2270726f70657274696573223a7b226f766572726964656964223a227369642d41423945433044342d424442372d344433422d413145342d314441353239333533373639227d2c226f7574676f696e67223a5b5d7d2c7b22626f756e6473223a7b226c6f7765725269676874223a7b2278223a3137322e302c2279223a3231322e307d2c2275707065724c656674223a7b2278223a3132382e302c2279223a3231322e307d7d2c227265736f757263654964223a227369642d32344536433044382d384538362d343634382d393631432d354643433032454631343538222c226368696c64536861706573223a5b5d2c227374656e63696c223a7b226964223a2253657175656e6365466c6f77227d2c22646f636b657273223a5b7b2278223a35302e302c2279223a34302e307d2c7b2278223a31342e302c2279223a31342e307d5d2c226f7574676f696e67223a5b7b227265736f757263654964223a227369642d41423945433044342d424442372d344433422d413145342d314441353239333533373639227d5d2c22746172676574223a7b227265736f757263654964223a227369642d41423945433044342d424442372d344433422d413145342d314441353239333533373639227d2c2270726f70657274696573223a7b226f766572726964656964223a227369642d32344536433044382d384538362d343634382d393631432d354643433032454631343538227d7d5d7d, null), ('12', '1', '请假.bpmn20.xml.bpmn20.xml', '11', 0x3c3f786d6c2076657273696f6e3d22312e302220656e636f64696e673d225554462d38223f3e0a3c646566696e6974696f6e7320786d6c6e733d22687474703a2f2f7777772e6f6d672e6f72672f737065632f42504d4e2f32303130303532342f4d4f44454c2220786d6c6e733a7873693d22687474703a2f2f7777772e77332e6f72672f323030312f584d4c536368656d612d696e7374616e63652220786d6c6e733a7873643d22687474703a2f2f7777772e77332e6f72672f323030312f584d4c536368656d612220786d6c6e733a61637469766974693d22687474703a2f2f61637469766974692e6f72672f62706d6e2220786d6c6e733a62706d6e64693d22687474703a2f2f7777772e6f6d672e6f72672f737065632f42504d4e2f32303130303532342f44492220786d6c6e733a6f6d6764633d22687474703a2f2f7777772e6f6d672e6f72672f737065632f44442f32303130303532342f44432220786d6c6e733a6f6d6764693d22687474703a2f2f7777772e6f6d672e6f72672f737065632f44442f32303130303532342f44492220747970654c616e67756167653d22687474703a2f2f7777772e77332e6f72672f323030312f584d4c536368656d61222065787072657373696f6e4c616e67756167653d22687474703a2f2f7777772e77332e6f72672f313939392f585061746822207461726765744e616d6573706163653d22687474703a2f2f7777772e61637469766974692e6f72672f70726f63657373646566223e0a20203c70726f636573732069643d226c656176652220697345786563757461626c653d2274727565223e0a202020203c73746172744576656e742069643d227369642d36444139393943342d354146352d343737412d384536362d464430384445373334424539223e3c2f73746172744576656e743e0a202020203c757365725461736b2069643d227369642d34354243304633412d353830352d343943362d423932332d35333430413646304333383322206e616d653d22e4b880e7baa7e5aea1e689b9223e3c2f757365725461736b3e0a202020203c73657175656e6365466c6f772069643d227369642d35413339423430392d444532332d343439342d424639362d3933324437453033413341422220736f757263655265663d227369642d36444139393943342d354146352d343737412d384536362d46443038444537333442453922207461726765745265663d227369642d34354243304633412d353830352d343943362d423932332d353334304136463043333833223e3c2f73657175656e6365466c6f773e0a202020203c757365725461736b2069643d227369642d36343245453834442d343733332d343346372d423437432d43314431333630423245453322206e616d653d22e4ba8ce7baa7e5aea1e689b9223e3c2f757365725461736b3e0a202020203c73657175656e6365466c6f772069643d227369642d33434241314436452d414336332d343731392d414138372d3333433443463546433030392220736f757263655265663d227369642d34354243304633412d353830352d343943362d423932332d35333430413646304333383322207461726765745265663d227369642d36343245453834442d343733332d343346372d423437432d433144313336304232454533223e3c2f73657175656e6365466c6f773e0a202020203c656e644576656e742069643d227369642d41423945433044342d424442372d344433422d413145342d314441353239333533373639223e3c2f656e644576656e743e0a202020203c73657175656e6365466c6f772069643d227369642d32344536433044382d384538362d343634382d393631432d3546434330324546313435382220736f757263655265663d227369642d36343245453834442d343733332d343346372d423437432d43314431333630423245453322207461726765745265663d227369642d41423945433044342d424442372d344433422d413145342d314441353239333533373639223e3c2f73657175656e6365466c6f773e0a20203c2f70726f636573733e0a20203c62706d6e64693a42504d4e4469616772616d2069643d2242504d4e4469616772616d5f6c65617665223e0a202020203c62706d6e64693a42504d4e506c616e652062706d6e456c656d656e743d226c65617665222069643d2242504d4e506c616e655f6c65617665223e0a2020202020203c62706d6e64693a42504d4e53686170652062706d6e456c656d656e743d227369642d36444139393943342d354146352d343737412d384536362d464430384445373334424539222069643d2242504d4e53686170655f7369642d36444139393943342d354146352d343737412d384536362d464430384445373334424539223e0a20202020202020203c6f6d6764633a426f756e6473206865696768743d2233302e30222077696474683d2233302e302220783d223139342e302220793d223134382e30223e3c2f6f6d6764633a426f756e64733e0a2020202020203c2f62706d6e64693a42504d4e53686170653e0a2020202020203c62706d6e64693a42504d4e53686170652062706d6e456c656d656e743d227369642d34354243304633412d353830352d343943362d423932332d353334304136463043333833222069643d2242504d4e53686170655f7369642d34354243304633412d353830352d343943362d423932332d353334304136463043333833223e0a20202020202020203c6f6d6764633a426f756e6473206865696768743d2238302e30222077696474683d223130302e302220783d223236392e302220793d223132332e30223e3c2f6f6d6764633a426f756e64733e0a2020202020203c2f62706d6e64693a42504d4e53686170653e0a2020202020203c62706d6e64693a42504d4e53686170652062706d6e456c656d656e743d227369642d36343245453834442d343733332d343346372d423437432d433144313336304232454533222069643d2242504d4e53686170655f7369642d36343245453834442d343733332d343346372d423437432d433144313336304232454533223e0a20202020202020203c6f6d6764633a426f756e6473206865696768743d2238302e30222077696474683d223130302e302220783d223431342e302220793d223132332e30223e3c2f6f6d6764633a426f756e64733e0a2020202020203c2f62706d6e64693a42504d4e53686170653e0a2020202020203c62706d6e64693a42504d4e53686170652062706d6e456c656d656e743d227369642d41423945433044342d424442372d344433422d413145342d314441353239333533373639222069643d2242504d4e53686170655f7369642d41423945433044342d424442372d344433422d413145342d314441353239333533373639223e0a20202020202020203c6f6d6764633a426f756e6473206865696768743d2232382e30222077696474683d2232382e302220783d223535392e302220793d223134392e30223e3c2f6f6d6764633a426f756e64733e0a2020202020203c2f62706d6e64693a42504d4e53686170653e0a2020202020203c62706d6e64693a42504d4e456467652062706d6e456c656d656e743d227369642d32344536433044382d384538362d343634382d393631432d354643433032454631343538222069643d2242504d4e456467655f7369642d32344536433044382d384538362d343634382d393631432d354643433032454631343538223e0a20202020202020203c6f6d6764693a776179706f696e7420783d223531342e302220793d223136332e30223e3c2f6f6d6764693a776179706f696e743e0a20202020202020203c6f6d6764693a776179706f696e7420783d223535392e302220793d223136332e30223e3c2f6f6d6764693a776179706f696e743e0a2020202020203c2f62706d6e64693a42504d4e456467653e0a2020202020203c62706d6e64693a42504d4e456467652062706d6e456c656d656e743d227369642d35413339423430392d444532332d343439342d424639362d393332443745303341334142222069643d2242504d4e456467655f7369642d35413339423430392d444532332d343439342d424639362d393332443745303341334142223e0a20202020202020203c6f6d6764693a776179706f696e7420783d223232342e302220793d223136332e30223e3c2f6f6d6764693a776179706f696e743e0a20202020202020203c6f6d6764693a776179706f696e7420783d223236392e302220793d223136332e30223e3c2f6f6d6764693a776179706f696e743e0a2020202020203c2f62706d6e64693a42504d4e456467653e0a2020202020203c62706d6e64693a42504d4e456467652062706d6e456c656d656e743d227369642d33434241314436452d414336332d343731392d414138372d333343344346354643303039222069643d2242504d4e456467655f7369642d33434241314436452d414336332d343731392d414138372d333343344346354643303039223e0a20202020202020203c6f6d6764693a776179706f696e7420783d223336392e302220793d223136332e30223e3c2f6f6d6764693a776179706f696e743e0a20202020202020203c6f6d6764693a776179706f696e7420783d223431342e302220793d223136332e30223e3c2f6f6d6764693a776179706f696e743e0a2020202020203c2f62706d6e64693a42504d4e456467653e0a202020203c2f62706d6e64693a42504d4e506c616e653e0a20203c2f62706d6e64693a42504d4e4469616772616d3e0a3c2f646566696e6974696f6e733e, '0'), ('13', '1', '请假.bpmn20.xml.leave.png', '11', 0x89504e470d0a1a0a0000000d4948445200000255000000d508060000007e29054300000f544944415478daeddd7b885565bb00f0afa8a8a020ba1074c12e70a482ea8f22eafc5151fd11c52950a66626b3511cadccb40239dd4c33b528ab531d82e2abafa20361667ef5698ef72e92a7484f2665a965a64e172dcb4b5aef59cfc23d6c4727f78c337bf69ef9fde0c1edde7b461d9fbd9e67bdefbbdef5b7bf010000000000000000000000000000000000000000000000000000000000000000000000000000000000000000000000000000000000000000000000000000000000000000000000000000000000000000000000000000000000000000000000000000000000000000000000000000000000000000000000000000000000000000000000000000000000000000000000000000000000000000000000000000000000000000000000000000000000000000000000000000000000000000000000000000000000000000000000000000000000000000000000000000000000000000000000000000000000000000000000000000000000000000000000000000000000000000000000000000000000000000000000000000000000000000007f25a574d0ca952b5f5bb468d11fb367cf4eb366cd12658ea6a6a6b460c1821fb2a89743a237e610408f10c570e1c285a9b9b9396ddfbe5d74537cfffdf769fefcf93f67c5b19f1c12bd2d87007a84185d500c2ba6286e9f356bd67239247a5b0e01f408315da318554e640571871c12bd2d87007a84588fa1105554414c7248f4b61c02e8554dd5af9bd6a5958bff9e96358dcd231ec7738a98822887e410002516c4cd1bd7a64f67de9b96bc75d76e11cfc56b0a99a64a0ec921004d55090571cdb237f7288685f876d974854c532587e41000a514c4e57327b55910e335854c532587e41080a6aa8482f8e9ac316d16c4784d21d354c9213904a0a95210154439248700284f418c2bb5da2a88f19a42a6a99243720840535542415cf1de536d16c4784d21d354c9213904a0a92aa120feb87669faf49dfbf79cb6c99e8bd714324d951c9243009aaa12376e5cf5bfffd8a320c6738a98822887e41000a516c46ddbd28af7ff7bcf699becb9784d21d354c9213904a0a9da47418cddaebf78efbfda5c0f13afd9115b532587e41080a6aaad82b86d5b5ab7624efabf19ffd966312c44bc27de6bc441532587e41080a6aa1d230b461c14443924870028a1209632b2f057230e0a9ba64a0ec921004d55161d2d868550d8345572480e0168aa84822887e410000aa2822887e490a60a4041149a2aa1a902d054094d95904340af94523a74e9d2a58d2fbef8e2fc891327fe7cdb6db7ed18387060baeebaeb527d7dfd9fc3860ddb7ef7dd77af9c3469d2cb59fc9ba64a288872480e759fbababa136b6a6a6ecd8ed1af65b1228bcd71bcce626b16abb2d7a666bfde19ef53e1a08ccdd4942953fe316edcb81db7df7e7b7af6d967d3a2458bd2dab56bd3d6ad5b53885f9b9b9bd3471f7d94b2a62b8d1831e2cf912347ae1e3264c8604d955010e5901c2a9febafbffe9a2c6665b17d5713554acccdde5fafe24117ca9aa786071f7c70db5d77dd95374c3b77ee4ca5fae4934fd2e8d1a3773636362eefdfbfffe99a2aa120ca2139d475b2c6a84fd618cd684723b5b758d8938ed75029a353074d9b366dced0a143d3f4e9d3dbd54cb53663c68cd4d0d0b0a5a78c5a29880aa21c924395a6a6a6e6badadada9f8a1ba4bababa3461c2843467ce9cf4cd37dfa45f7ef9253f26fff6db6ff94cc37befbd97264f9e9c6eb8e186d68dd566a356d0890dd5bc79f33e1c3e7c78fae28b2f526758bd7a75ca1ab42d83070fbe455325345572480e756a437555d604ed2c6ea65e7ef9e57c494629366edc98bf3fbeaeb8b9cabee7601511f6538c50454355ea07b254f1fd860c1952f567400aa2822887e450258d50153754a3468dca47a53a22be2e967ab46aac8c584147c51aaa98f2ebac11aabd8d580d18306063f641edaba9129a2a21873a2ed650154ff9dd7ffffd2d537c1d155383e3c78f6f3d15d8577584768aabfcc68e1dbb3dd65075a5b7de7a6b4b5d5ddd079a2aa1a91272a8e3b286aaa978846a7f1baae2c6aad588d5421512da69ead4a9afc407e9f7df7f4f5dede69b6f5e5fadc3ca0aa2822887e450778b6d138ad7507574caefafa6028bd758990684768e52c53e54b16d42392c59b2647bb58e5629880aa21c924315d054cd2a343cb1c8bc2bbcfaeaab46aba02362a7f4589cbe3f5b27b4574343c3fa5813504907a92cfe5d415410e5901caae41c8a1dd00b8bd36334e9c71f7fec9263745c15d86abb853eaa2594206e3df3dc73cfa5729a3c79f227718b844af919140d73cfaaa9a9b940415410e5901caac41cda75eb99fc7d0f3ffc70571fa78b9baa3b554b2841dccb2f6e3d534eefbffffeeaec433abdd20e6645f1afbd9d312a880aa21c9243dd9943bbeee597bf3e6fdebc2e3d4ec706a1457f97e9aa2594206e8ebc6eddbab23655ebd7af6fce3ea46b2af860d672c6587c5053101544392487ba338776dd1c397fbeb317a8b7163baf17fd3dd6a8965082810307b6dc1cb95ce2cf8bbba557fac1acf88c3186e3154405510ec9a1eecca12cb6147edf59db28fcd5f60a457ff656d5124afc207787fdbcf167b7443514c4254b96b4fb6b366dda94162c58d0e6ebb171ebb265cbf2c7b1396c34c5f178f9f2e5ddfa6f954372a837e65021ca7d9c562da10437de78e39fe51ea9dab265cbfa2a19a95a1cf7d6baf8e28b0faa86a99b0f3ffc301d7becb1e9f3cf3f4fd9ffeb1eb170e1c2fc7d71061a57f714228ae161871d9617bbe2e7e37df1fea79f7e3add72cb2df9e3134f3c319f1688c7871e7aa85106392487ca9843b1cbb9912aa860c3870fdf5eee3555df7df7dde715bea66ab7425850e905f1ca2baf4ccf3cf34c9a3d7b767ae28927d219679c91de7efbedd8c93e1d7df4d12da324e3c68d4b471d75543af5d4535be2e4934fdeedf7f1fa030f3c90befaeaabfc161871f9f6aa55abf65a107ffae9a7f4edb7df2a88159a437dfbf64d279c70429b11afcba1eac8216baaa0c2dd7befbd2bca7df5dfcc9933dfaed0abff3e88dd8a5b17c26a68aa5e7ffdf574fef9e7a7d8c4f5f8e38fcf0be105175c90bf3663c68c74e69967b6bc370ae27df7ddb7dbd79f74d249bbfd3e8a61c425975c9217be830f3e385d7df5d57b14c4cd9b37a7cb2fbf3cdd74d34d0a6285e6505cc5357ffefc36235e9743d59143aefe830af7c8238f3c57ee7daab2b3d6b72a6c9faabd8e2a54535375e18517a6d34e3b2d1f7988dd90e7ce9d9b0e39e49018154cd9bf2d5d7ae9a5f9cd52634420d6b14c9a34290d1e3cb8250e3cf0c0dd7e3f71e2c4f4d9679fed75eae6aaabae4ab7de7a6bfefdfbf7ef9faeb8e28a7caaa7971744392487ba3c87ec530515ee9e7bee392d3bb8fd51c61dd5b7d6d6d67e558d3bf496bb208e1831220d1830609f11c5aab9b9392f7251a0e26b63ba26fb2ba7c71e7b2c1f718891851815881d98e3f5d1a347e7df3fa679226214a1f078e4c891f94d550b7f8f2888f1e77cf0c10779417cf3cd37d3e2c58bf3afe9d7af5ffaf5d75fdd62a44273a83d21872a5feca89e1d3b77946347f5fafafa3feda80e1d306ad4a82fcb75efbf993367be5cadf7922a77417ce18517d2534f3db5cf78fef9e7f3e99958283c61c2847c34219e8f83614cd9c49559312a70e79d77b67cef2888679f7d76bae69a6bf238e080035a1e9f73ce392d0531d6d59c7beeb9e988238ec8471e5a4fdd14aee25210abbfa99243d5c1bdffa0c20d1a34a8ff1d77dcb1a30ca3551b6b6b6b3faed6bb9e5772418c33ffb887e3e38f3f9e17c7a14387a6575e79252f7c71608c2bbae28284e282186b62e232f7889886293c1e33664c4b418cc771d5d7beaedceaed533772480e95b1a9baa6d0f0c46855672f588fef971da7ff2cda7cb45e9584766a6c6c5c3a7dfaf42eeda862fd569cf5ec6bdd8982d8fe88e99358033376ecd8346ad4a874cc31c7e497c57ff9e597f908424cb114bf3f0a625ca175d14517e511ef293c8e7535ada76e5a17c4289c858218576d9d72ca290aa21c924365921d47e7169a9ef8bfeaaced15621b85ec047b67f12855b51eafa1bb3fa47d1a1a1ab6c43e335d61e9d2a5d3b23f635d76d6d3b75a7f46955c102fbbecb27c2171ac8989b52bd75e7b6d7e155714b758147cdc71c7e54571c3860df9fba74c9992a64e9d9ad6ac5993478c32141e4f9b362dbdf6da6b7b2d88315a11dfe7acb3ceca0b628c5cc4da9bc255620a6265e5507d7d7d3afdf4d3f71983060d92435576bccee2fb42f3135b56ec6f63150dd5f8f1e38bd7516daee6e33574bbec005cd7d8d8f85b2c58ed4cd959e8bbb5b5b55f57fb307235ec869d35aff97e422fbdf4523af2c823f30219cfc7fe40e79d775e7e79fbdebeaead4d181f7df4d1d4a74f9f7c8d4d8c5ac468c4b061c3d20f3ffc9017e0d89be8f0c30f4f0f3df4908258813914ff67d118ed2b56ac582187aa4c4d4dcd758545eb8511ab8e4e05c6d7b51aa132ed079da1aeaeae61c890219b3b6bc42a46a8a2a1ca0e00a3abfd67532df76dfbf8e38ff3cbde632aa7f8f938938ddb85eced6b6231f1de9e8f3dcc62ad4de1eaacf8de85d7b66ddb964fe1c4f49045c672480e75cb88d5c0e2c62ad658c5e2f5589f56ea557eb128bd780d55444f385e43459d01d5d7d7fffcc61b6ffcba1f8bd7376667a87f8f29bff8e0f7849f8b9be1ba19ae1c92439578bcce6263715314cd55ec63151b84c62854616a30a6f8623d5b6cecf9e4934fc605047fb4dac57d734f395e43a59d01f5c9ce5e66373636aecfce2cb7b4671faa77de79e7d5ac295b1c8b1c7bd29cbc82a820ca213954a9c7ebe2ad163a180bada182aeffb0f68be66ae0c081cd13274e5cf6eebbef7e9d9de9ac2bdc84396e8e1cf7f26b6a6afae7983163fe959d21ad8c0f679cedf4b4ab46144405510ec9a14a3f5eef6aae76b4a799ea89c76ba868b1936ff661bd7dd7bda756c55dcb0b772f8f9b6dc6bda1e256063d79e75d055141944372c8f11a40415410e590e8254d158082283455420e0168aa84822887e410000aa2822887e410000aa282288784a60a4041149a2a2187003455424194437208000551419443720800055141d454094d1580a64a68aa841c02d0540905510ec92100144405510e094d158082283455425305a0a9129a2aff7772080005514194437208000551419443425305a0200a4d959043009a2aa120ca2139048082a820ca2139048082a820ca21a1a902501085a64ac821801e68f6ecd90a51e5c4d6ac20ee9043a2b7e510408fb060c18275cdcdcd8a5105c4dab56bff272b88cbe590e86d3904d023cc9933e73fe6cd9bb769c3860d5b14a5ee1b5d8862d8d4d4f47516fde490e86d3904d0636407e1abb2b3dbc5316d10eb3144d9237eeecbabb918ca213904000000000000000000000000000000000000000050b2ff0757a3c46fb870b1510000000049454e44ae426082, '1'), ('2', '1', '请假.bpmn20.xml', '1', 0x3c3f786d6c2076657273696f6e3d22312e302220656e636f64696e673d225554462d38223f3e0a3c646566696e6974696f6e7320786d6c6e733d22687474703a2f2f7777772e6f6d672e6f72672f737065632f42504d4e2f32303130303532342f4d4f44454c2220786d6c6e733a7873693d22687474703a2f2f7777772e77332e6f72672f323030312f584d4c536368656d612d696e7374616e63652220786d6c6e733a7873643d22687474703a2f2f7777772e77332e6f72672f323030312f584d4c536368656d612220786d6c6e733a61637469766974693d22687474703a2f2f61637469766974692e6f72672f62706d6e2220786d6c6e733a62706d6e64693d22687474703a2f2f7777772e6f6d672e6f72672f737065632f42504d4e2f32303130303532342f44492220786d6c6e733a6f6d6764633d22687474703a2f2f7777772e6f6d672e6f72672f737065632f44442f32303130303532342f44432220786d6c6e733a6f6d6764693d22687474703a2f2f7777772e6f6d672e6f72672f737065632f44442f32303130303532342f44492220747970654c616e67756167653d22687474703a2f2f7777772e77332e6f72672f323030312f584d4c536368656d61222065787072657373696f6e4c616e67756167653d22687474703a2f2f7777772e77332e6f72672f313939392f585061746822207461726765744e616d6573706163653d22687474703a2f2f7777772e61637469766974692e6f72672f70726f63657373646566223e0a20203c70726f636573732069643d226c656176652220697345786563757461626c653d2274727565223e0a202020203c73746172744576656e742069643d227369642d36444139393943342d354146352d343737412d384536362d464430384445373334424539223e3c2f73746172744576656e743e0a202020203c757365725461736b2069643d227369642d34354243304633412d353830352d343943362d423932332d35333430413646304333383322206e616d653d22e4b880e7baa7e5aea1e689b9223e3c2f757365725461736b3e0a202020203c73657175656e6365466c6f772069643d227369642d35413339423430392d444532332d343439342d424639362d3933324437453033413341422220736f757263655265663d227369642d36444139393943342d354146352d343737412d384536362d46443038444537333442453922207461726765745265663d227369642d34354243304633412d353830352d343943362d423932332d353334304136463043333833223e3c2f73657175656e6365466c6f773e0a202020203c757365725461736b2069643d227369642d36343245453834442d343733332d343346372d423437432d43314431333630423245453322206e616d653d22e4ba8ce7baa7e5aea1e689b9223e3c2f757365725461736b3e0a202020203c73657175656e6365466c6f772069643d227369642d33434241314436452d414336332d343731392d414138372d3333433443463546433030392220736f757263655265663d227369642d34354243304633412d353830352d343943362d423932332d35333430413646304333383322207461726765745265663d227369642d36343245453834442d343733332d343346372d423437432d433144313336304232454533223e3c2f73657175656e6365466c6f773e0a202020203c656e644576656e742069643d227369642d41423945433044342d424442372d344433422d413145342d314441353239333533373639223e3c2f656e644576656e743e0a202020203c73657175656e6365466c6f772069643d227369642d32344536433044382d384538362d343634382d393631432d3546434330324546313435382220736f757263655265663d227369642d36343245453834442d343733332d343346372d423437432d43314431333630423245453322207461726765745265663d227369642d41423945433044342d424442372d344433422d413145342d314441353239333533373639223e3c2f73657175656e6365466c6f773e0a20203c2f70726f636573733e0a20203c62706d6e64693a42504d4e4469616772616d2069643d2242504d4e4469616772616d5f6c65617665223e0a202020203c62706d6e64693a42504d4e506c616e652062706d6e456c656d656e743d226c65617665222069643d2242504d4e506c616e655f6c65617665223e0a2020202020203c62706d6e64693a42504d4e53686170652062706d6e456c656d656e743d227369642d36444139393943342d354146352d343737412d384536362d464430384445373334424539222069643d2242504d4e53686170655f7369642d36444139393943342d354146352d343737412d384536362d464430384445373334424539223e0a20202020202020203c6f6d6764633a426f756e6473206865696768743d2233302e30222077696474683d2233302e302220783d223139342e302220793d223134382e30223e3c2f6f6d6764633a426f756e64733e0a2020202020203c2f62706d6e64693a42504d4e53686170653e0a2020202020203c62706d6e64693a42504d4e53686170652062706d6e456c656d656e743d227369642d34354243304633412d353830352d343943362d423932332d353334304136463043333833222069643d2242504d4e53686170655f7369642d34354243304633412d353830352d343943362d423932332d353334304136463043333833223e0a20202020202020203c6f6d6764633a426f756e6473206865696768743d2238302e30222077696474683d223130302e302220783d223236392e302220793d223132332e30223e3c2f6f6d6764633a426f756e64733e0a2020202020203c2f62706d6e64693a42504d4e53686170653e0a2020202020203c62706d6e64693a42504d4e53686170652062706d6e456c656d656e743d227369642d36343245453834442d343733332d343346372d423437432d433144313336304232454533222069643d2242504d4e53686170655f7369642d36343245453834442d343733332d343346372d423437432d433144313336304232454533223e0a20202020202020203c6f6d6764633a426f756e6473206865696768743d2238302e30222077696474683d223130302e302220783d223431342e302220793d223132332e30223e3c2f6f6d6764633a426f756e64733e0a2020202020203c2f62706d6e64693a42504d4e53686170653e0a2020202020203c62706d6e64693a42504d4e53686170652062706d6e456c656d656e743d227369642d41423945433044342d424442372d344433422d413145342d314441353239333533373639222069643d2242504d4e53686170655f7369642d41423945433044342d424442372d344433422d413145342d314441353239333533373639223e0a20202020202020203c6f6d6764633a426f756e6473206865696768743d2232382e30222077696474683d2232382e302220783d223535392e302220793d223134392e30223e3c2f6f6d6764633a426f756e64733e0a2020202020203c2f62706d6e64693a42504d4e53686170653e0a2020202020203c62706d6e64693a42504d4e456467652062706d6e456c656d656e743d227369642d32344536433044382d384538362d343634382d393631432d354643433032454631343538222069643d2242504d4e456467655f7369642d32344536433044382d384538362d343634382d393631432d354643433032454631343538223e0a20202020202020203c6f6d6764693a776179706f696e7420783d223531342e302220793d223136332e30223e3c2f6f6d6764693a776179706f696e743e0a20202020202020203c6f6d6764693a776179706f696e7420783d223535392e302220793d223136332e30223e3c2f6f6d6764693a776179706f696e743e0a2020202020203c2f62706d6e64693a42504d4e456467653e0a2020202020203c62706d6e64693a42504d4e456467652062706d6e456c656d656e743d227369642d35413339423430392d444532332d343439342d424639362d393332443745303341334142222069643d2242504d4e456467655f7369642d35413339423430392d444532332d343439342d424639362d393332443745303341334142223e0a20202020202020203c6f6d6764693a776179706f696e7420783d223232342e302220793d223136332e30223e3c2f6f6d6764693a776179706f696e743e0a20202020202020203c6f6d6764693a776179706f696e7420783d223236392e302220793d223136332e30223e3c2f6f6d6764693a776179706f696e743e0a2020202020203c2f62706d6e64693a42504d4e456467653e0a2020202020203c62706d6e64693a42504d4e456467652062706d6e456c656d656e743d227369642d33434241314436452d414336332d343731392d414138372d333343344346354643303039222069643d2242504d4e456467655f7369642d33434241314436452d414336332d343731392d414138372d333343344346354643303039223e0a20202020202020203c6f6d6764693a776179706f696e7420783d223336392e302220793d223136332e30223e3c2f6f6d6764693a776179706f696e743e0a20202020202020203c6f6d6764693a776179706f696e7420783d223431342e302220793d223136332e30223e3c2f6f6d6764693a776179706f696e743e0a2020202020203c2f62706d6e64693a42504d4e456467653e0a202020203c2f62706d6e64693a42504d4e506c616e653e0a20203c2f62706d6e64693a42504d4e4469616772616d3e0a3c2f646566696e6974696f6e733e, '0'), ('2502', '1', '费用申请.bpmn20.xml', '2501', 0x3c3f786d6c2076657273696f6e3d22312e302220656e636f64696e673d225554462d38223f3e0a3c646566696e6974696f6e7320786d6c6e733d22687474703a2f2f7777772e6f6d672e6f72672f737065632f42504d4e2f32303130303532342f4d4f44454c2220786d6c6e733a7873693d22687474703a2f2f7777772e77332e6f72672f323030312f584d4c536368656d612d696e7374616e63652220786d6c6e733a7873643d22687474703a2f2f7777772e77332e6f72672f323030312f584d4c536368656d612220786d6c6e733a61637469766974693d22687474703a2f2f61637469766974692e6f72672f62706d6e2220786d6c6e733a62706d6e64693d22687474703a2f2f7777772e6f6d672e6f72672f737065632f42504d4e2f32303130303532342f44492220786d6c6e733a6f6d6764633d22687474703a2f2f7777772e6f6d672e6f72672f737065632f44442f32303130303532342f44432220786d6c6e733a6f6d6764693d22687474703a2f2f7777772e6f6d672e6f72672f737065632f44442f32303130303532342f44492220747970654c616e67756167653d22687474703a2f2f7777772e77332e6f72672f323030312f584d4c536368656d61222065787072657373696f6e4c616e67756167653d22687474703a2f2f7777772e77332e6f72672f313939392f585061746822207461726765744e616d6573706163653d22687474703a2f2f7777772e61637469766974692e6f72672f70726f63657373646566223e0a20203c70726f636573732069643d22667973712220697345786563757461626c653d2274727565223e0a202020203c73746172744576656e742069643d227369642d33303441393432442d433833462d344533332d393735372d45423832394530344533443622206e616d653d22e6b581e7a88be5bc80e5a78b223e3c2f73746172744576656e743e0a202020203c757365725461736b2069643d227369642d39334543384437302d394132352d344541372d423836312d32394539363339453242353222206e616d653d22e4b8bbe7aea1e5aea1e689b9223e3c2f757365725461736b3e0a202020203c73657175656e6365466c6f772069643d227369642d38324436463533342d454244342d343542392d414236342d3041373431314343443246382220736f757263655265663d227369642d33303441393432442d433833462d344533332d393735372d45423832394530344533443622207461726765745265663d227369642d39334543384437302d394132352d344541372d423836312d323945393633394532423532223e3c2f73657175656e6365466c6f773e0a202020203c757365725461736b2069643d227369642d36313346383932372d383034462d343831322d393041322d41343834353634333331353522206e616d653d22e680bbe79b91e5aea1e689b9223e3c2f757365725461736b3e0a202020203c73657175656e6365466c6f772069643d227369642d41333243353732332d303333372d343131382d424631332d4135334134353546384438332220736f757263655265663d227369642d39334543384437302d394132352d344541372d423836312d32394539363339453242353222207461726765745265663d227369642d36313346383932372d383034462d343831322d393041322d413438343536343333313535223e3c2f73657175656e6365466c6f773e0a202020203c757365725461736b2069643d227369642d43304441383745442d393632352d344539452d414142322d41394433304343313538374522206e616d653d22e8b4a2e58aa1e5aea1e689b9223e3c2f757365725461736b3e0a202020203c73657175656e6365466c6f772069643d227369642d45393344443444312d384645352d344541422d413736332d3246344444453130333332322220736f757263655265663d227369642d36313346383932372d383034462d343831322d393041322d41343834353634333331353522207461726765745265663d227369642d43304441383745442d393632352d344539452d414142322d413944333043433135383745223e3c2f73657175656e6365466c6f773e0a202020203c656e644576656e742069643d227369642d36313131373931322d433542302d344436362d423643372d39374537363043453530434122206e616d653d22e6b581e7a88be7bb93e69d9f223e3c2f656e644576656e743e0a202020203c73657175656e6365466c6f772069643d227369642d42363241314142372d423039372d343031332d384637302d4542443641344438444132392220736f757263655265663d227369642d43304441383745442d393632352d344539452d414142322d41394433304343313538374522207461726765745265663d227369642d36313131373931322d433542302d344436362d423643372d393745373630434535304341223e3c2f73657175656e6365466c6f773e0a20203c2f70726f636573733e0a20203c62706d6e64693a42504d4e4469616772616d2069643d2242504d4e4469616772616d5f66797371223e0a202020203c62706d6e64693a42504d4e506c616e652062706d6e456c656d656e743d2266797371222069643d2242504d4e506c616e655f66797371223e0a2020202020203c62706d6e64693a42504d4e53686170652062706d6e456c656d656e743d227369642d33303441393432442d433833462d344533332d393735372d454238323945303445334436222069643d2242504d4e53686170655f7369642d33303441393432442d433833462d344533332d393735372d454238323945303445334436223e0a20202020202020203c6f6d6764633a426f756e6473206865696768743d2233302e30222077696474683d2233302e302220783d223135312e352220793d223133362e30223e3c2f6f6d6764633a426f756e64733e0a2020202020203c2f62706d6e64693a42504d4e53686170653e0a2020202020203c62706d6e64693a42504d4e53686170652062706d6e456c656d656e743d227369642d39334543384437302d394132352d344541372d423836312d323945393633394532423532222069643d2242504d4e53686170655f7369642d39334543384437302d394132352d344541372d423836312d323945393633394532423532223e0a20202020202020203c6f6d6764633a426f756e6473206865696768743d2238302e30222077696474683d223130302e302220783d223232362e352220793d223131312e30223e3c2f6f6d6764633a426f756e64733e0a2020202020203c2f62706d6e64693a42504d4e53686170653e0a2020202020203c62706d6e64693a42504d4e53686170652062706d6e456c656d656e743d227369642d36313346383932372d383034462d343831322d393041322d413438343536343333313535222069643d2242504d4e53686170655f7369642d36313346383932372d383034462d343831322d393041322d413438343536343333313535223e0a20202020202020203c6f6d6764633a426f756e6473206865696768743d2238302e30222077696474683d223130302e302220783d223337312e352220793d223131312e30223e3c2f6f6d6764633a426f756e64733e0a2020202020203c2f62706d6e64693a42504d4e53686170653e0a2020202020203c62706d6e64693a42504d4e53686170652062706d6e456c656d656e743d227369642d43304441383745442d393632352d344539452d414142322d413944333043433135383745222069643d2242504d4e53686170655f7369642d43304441383745442d393632352d344539452d414142322d413944333043433135383745223e0a20202020202020203c6f6d6764633a426f756e6473206865696768743d2238302e30222077696474683d223130302e302220783d223531362e352220793d223131312e30223e3c2f6f6d6764633a426f756e64733e0a2020202020203c2f62706d6e64693a42504d4e53686170653e0a2020202020203c62706d6e64693a42504d4e53686170652062706d6e456c656d656e743d227369642d36313131373931322d433542302d344436362d423643372d393745373630434535304341222069643d2242504d4e53686170655f7369642d36313131373931322d433542302d344436362d423643372d393745373630434535304341223e0a20202020202020203c6f6d6764633a426f756e6473206865696768743d2232382e30222077696474683d2232382e302220783d223636312e352220793d223133372e30223e3c2f6f6d6764633a426f756e64733e0a2020202020203c2f62706d6e64693a42504d4e53686170653e0a2020202020203c62706d6e64693a42504d4e456467652062706d6e456c656d656e743d227369642d45393344443444312d384645352d344541422d413736332d324634444445313033333232222069643d2242504d4e456467655f7369642d45393344443444312d384645352d344541422d413736332d324634444445313033333232223e0a20202020202020203c6f6d6764693a776179706f696e7420783d223437312e352220793d223135312e30223e3c2f6f6d6764693a776179706f696e743e0a20202020202020203c6f6d6764693a776179706f696e7420783d223531362e352220793d223135312e30223e3c2f6f6d6764693a776179706f696e743e0a2020202020203c2f62706d6e64693a42504d4e456467653e0a2020202020203c62706d6e64693a42504d4e456467652062706d6e456c656d656e743d227369642d38324436463533342d454244342d343542392d414236342d304137343131434344324638222069643d2242504d4e456467655f7369642d38324436463533342d454244342d343542392d414236342d304137343131434344324638223e0a20202020202020203c6f6d6764693a776179706f696e7420783d223138312e352220793d223135312e30223e3c2f6f6d6764693a776179706f696e743e0a20202020202020203c6f6d6764693a776179706f696e7420783d223232362e352220793d223135312e30223e3c2f6f6d6764693a776179706f696e743e0a2020202020203c2f62706d6e64693a42504d4e456467653e0a2020202020203c62706d6e64693a42504d4e456467652062706d6e456c656d656e743d227369642d41333243353732332d303333372d343131382d424631332d413533413435354638443833222069643d2242504d4e456467655f7369642d41333243353732332d303333372d343131382d424631332d413533413435354638443833223e0a20202020202020203c6f6d6764693a776179706f696e7420783d223332362e352220793d223135312e30223e3c2f6f6d6764693a776179706f696e743e0a20202020202020203c6f6d6764693a776179706f696e7420783d223337312e352220793d223135312e30223e3c2f6f6d6764693a776179706f696e743e0a2020202020203c2f62706d6e64693a42504d4e456467653e0a2020202020203c62706d6e64693a42504d4e456467652062706d6e456c656d656e743d227369642d42363241314142372d423039372d343031332d384637302d454244364134443844413239222069643d2242504d4e456467655f7369642d42363241314142372d423039372d343031332d384637302d454244364134443844413239223e0a20202020202020203c6f6d6764693a776179706f696e7420783d223631362e352220793d223135312e30223e3c2f6f6d6764693a776179706f696e743e0a20202020202020203c6f6d6764693a776179706f696e7420783d223636312e352220793d223135312e30223e3c2f6f6d6764693a776179706f696e743e0a2020202020203c2f62706d6e64693a42504d4e456467653e0a202020203c2f62706d6e64693a42504d4e506c616e653e0a20203c2f62706d6e64693a42504d4e4469616772616d3e0a3c2f646566696e6974696f6e733e, '0'), ('2503', '1', '费用申请.fysq.png', '2501', 0x89504e470d0a1a0a0000000d49484452000002bb000000c908060000002316fa610000142d4944415478daeddd0b909df3f907f02a5a745a97719b565b759952c65d4b4bc7a51845d122242beb9e469249a43125fe21424a48da29716999123a15350419b75c3691101145104d090922f69f0b41f86f10fdfddfe71de7ccd993dd48d8ec3967f7f39979664fce39394bf6bbe779cefbfedef7fdca5700000000000000000000000000000000000000000000000000000000000000000000000000000000000000000000000000000000000000000000000000000000000000000000000000000000000000000000000000000000000000000000000000000000000000000000000000000000000000000000000000000000000000000000000000000000000000000000000000000000000000000000000000000000000000000000000000000000000000000000000000000000000000000000000000000000000000000000000000000000000000000000000000000000000000000000000000000000000000000000000000000000000000000000000000000000000000000000000000000000000000000000000000000000000000000000000000000000000000000000000000a0634b29ad3777eedcbba64f9ffee9c48913d3f8f1e3553bd7840913d294295396645527434a8664488600da503498a953a7a6458b16a58f3efa4855a8162f5e9c1e7df4d1f7b28673820c2919523204d046624b8a0653358de6a3f1e3c7cf962125434a8600da48ec32f4065f3d9535994f6448c99092218036126bb5bcb95755934932a46448c910403b37990fde6d4c739fba25bd3861485e713beed3183419199221199221809a6e32cb962e48b31e19949e7be0fc6615f7c5639a834145866448866408a0669bccfc17ef5fa9c114eacd17c76a0e061519922119922180da6d32b3270d6bb5c9c4639a834145866448866408a0669bccacf1835b6d32f198e6605091211992211902d064944145866448866408a0da9a4c1cf5dc5a9389c73407838a0cc9900cc91040cd3699398f8f6cb5c9c4639a834145866448866408a0669bccdb0b9e4fb3c65db2f2aec3ecbe784c7330a8c8900cc9900c01d46c93899af7afdb566a32719fc6a0c9c8900cc9900c01d4769359be3ccd9976c3cabb0eb3fbe231cdc1a02243322443320450934d26ae4cf4f2e3d7b6ba562e1e73f522838a0cc9900cc910406d3599e5cb53e39c86f4c2c3035b6d30858ae7c4736d5d31a8c8900cc9900c01547d93f9bcad28b6ae68323224433224430035db6456672bcaaab6ae6816061519922119922180aa6d325fb4c1144ab330a8c8900cc9900c01546d93519a8c0cc9900cc9108061576932322443322443009a8c32a8281992211902d0643419838a92212543405b19376edca137de78e398cb2ebbacb14f9f3e1fd7d7d7fff7e4934f4ea79e7a6aead5abd72743860c593472e4c8071a1a1a8e30ec2a4d468664488664a87675ebd66d9b2e5dbaf4cefafc5d59cdc96a59f4fcac9ab29a973d3626fb3a209e6742a2e68d183162c0a0418396f6ebd72ffde52f7f49d3a74f4f0b162c484d4d4d29c4d7458b16a5a79f7e3a8d1a352ac5f32ebae8a2f7870d1b36c4b0ab34191992211992a1da71ca29a71c97d5f86c905dfed970bb3a3529fb3b7526266aced5575fbddb85175eb860c08001ff8d4176c58a156975cd9c39330d1c3830657f77f1f0e1c3f735ec2a4d468664488664a87a6503ebb6593db406036e4b35f5c4134fdcc10445ad0cba97f4e8d1e3d3b163c7aed1905beee1871f4ef13ad9c03bd4b0ab34191992211992a1ead3a54b976c4e3d7971e9e0daad5bb774c51557a4868686f4c61b6fa4f7df7f3fefeb1f7ef861be77f7f1c71f4f7ffad39ff2a58c6503ef325b79a97a37de78e3fff4eeddfbbf2fbffc726a0bafbdf65a8ad71b3162c435865d6550912119922119aaaa41f7e86c40fda474c8fdfbdfff9e2f4f5c1d4b972ecd9f1f7faf74e8cd06deb34c5454a5418306f5cf06d34f5737e4ab2b5e2f5e77f0e0c11718769541c5cf4e86644886aa668b6e71d0eddfbf7fbe15f78b88bf77fef9e7970fbcb6f0525dce39e79cedcf3efbec8fdb6a8b6e4b5b78e3f5b35fa6dd0dbbcaa0a264488664a8723e5ba35b5cba70c9259714972a7c51b1c461e8d0a1e54b1a7632615135faf5ebf772acd15d9b620d6f9f3e7d5e33ec2a838a92211992a1caf9ec8c0bc52dba5f76d02d1d78cbb6f04e35615115b201b4dbef7ef7bb151f7ffc715adbb25f8215d9f7eb69d855061525433224431519748f2b5da3fb45972eac6a4943e91a5ecb19a80ad9a7ba57e2f462ede1f9e79f4f7dfbf67dc3b0ab0c2a4a866448862abb55370e2e5b1beeb8e30e5b77a91e71f5939e3d7b7ef4654e31b6a6e20a6cb15ea8da7ef9b33a4093d164644886644875d40c45cf2f1c94165b5fdf7efbedb5d2e7e32c0d65a725dbd6c445c5f4ead56be04d37ddf4696a47f149321bb02fada67f8792dd2de3bb74e9b29f26a3c9c8900cc990ea6819faec12c0f973aebaeaaab5daebe33cbc25c3ee00131715d3b76fdf27e212c0ed29964cf4e9d3e75fd5f80651520f957f3ad66434191992211952b59ca1eccf77151e9b3c79f25aedf571e18992ff8eb1262e2ae68c33ce58d8d8d8d8aec36e9c77b7bebefe9d2a7f83287e3a2ebc5168329a8c0cc9900ca95ace50767b4ee1beb63e30ad5c5c69ade4bf61be898b8aa9ababfba8a9a9a95d87ddf87e5dbb76fda416de204a3f1d6b329a8c0cc9900ca91acfd08ac2edb63addd8aa4e4356f27d9b4c5c54f417a31256e317b2eaaad24d26de385e78e185561f5fbe7c79bae79e7bd292254b8af72d5cb830dd7ffffdab7cdd77df7d374d9932a5d5c7e382202fbef8627e3b2e3a121f56e2f6ecd9b32bde646468f52a7e66cf3df75cb3fb9e79e6993c332d3d7fd6ac597976e2f6b3cf3e9b62ef8f0c791f6aa9de7cf3cd346fdebc95ee8ff3aa177eceab5332d4fed5debddec44525b7ec2eafd096dd8f6be4d3f05371edf0830e3a68bd4a3799f8fe9b6fbe797aebadb75a7cfca28b2e4a9b6eba69fae73fff99eebefbeed4d0d090ce3aebacb4f7de7be77f8e7af0c107f3a1398e942d5434980d37dc306f20a5f7c7f3e275afbbeebad4ab57affcf636db6c93ef9a8adb1b6cb0812d2a3592a1975e7a296db1c51669c68c19c50176e38d374efffef7bf9b3daf77efdef9d7134f3c31ff9014c3f00f7ff8c3346edcb8953e78c950e7c850aceb3cfcf0c38bf59bdffca6d9e37ffef39ff38b0894de77fdf5d7a76f7ef39b69cc9831e981071e6856afbcf28a0c5530437155335b76e9744e3ffdf4c64aacd9eddebdfb922a7f83283697c273dabbc9445388c1b5b4b6dd76db3468d0a066f7c5168fd1a347a76f7deb5be9e73fff79da7ffffdd3e0c183d349279d94dff7939ffc2465ff1ff97d7ffce31fd365975d960fc5db6db75db1bef7bdef35fb733c7ee9a597a6575f7d35bf8c649ca226b6deb4d464de79e79d7ceb8e26537d198a7af4d147d3f0e1c3d301071c908e3df6d8fcf65e7bed950e3cf0c0fc763c5e786efcdc4b87ddf87094fd67a7430f3db4587dfbf695a14e94a13befbc339d70c209f9c1464f3cf144da72cb2d5739ecce9c39331f7437da68a374eeb9e7c6c1c8791d7df4d17996fef18f7fe4cf93a1ca64c89a5d3aa5fafafab1d91bd88af61c76e36c0cd9f71d57a56f104fc4d5654a9b4ba59acc7df7dd977efce31f176b9f7df6c99b457c2dbdff91471e49471e79643e9cc416bc1d76d8216f4ab125efde7befcdffbd77db6db7e22eeb6832175f7c71b3eff5ddef7eb7d99fa3c1441d7cf0c17933597ffdf5d331c71cb3529359b66c593aecb0c352f6a14993a9c20c455d70c105794e7af4e8b152c5fdf1784bc36e6c95db638f3df261266e3ff6d86379c5856164a8f3642886dddffef6b7c525145b6fbd75aaababcbdf5fa2bef18d6fe45b6477de79e77c4941e4203e841f77dc71e9a8a38eca87d01870e3b97ffbdbdf8aaf2b4395c990b331d029c539f7468e1cf9767b0ebbd91bded26a3be75e4b5b50aa615029ad78438f6137be963f165be862ab6f0cc2bbecb24bfe3586de3df7dc33bfbdebaebba6ef7ffffbe99a6baec91bd2b061c3f2250e85faea57bfdaeccf575e7965711777f9eec3d84213bbbbbff6b5afe54351ecda8cdd8d9a4c75662886d9cb2fbfbcc5c7e2fed686ddf8b91e71c411f91e8618546ebffdf6e2f364a8f364a874d88de52c31ecce9d3b375f031e4b0f62d83de38c33f2f5b491a7c2401b172bd87df7ddf3e74736e2fceaa5af2b4395c990f3ecd229c5d554ce3cf3cca5ed7905b5b3cf3efbed5abc9a4a350fbba3468d4a175e78611a3870608b154d2ad6d1151a4e0c38b13b7ae2c48979c51693c2edf3ce3bafd96ec96832ddbb77cfb7164793892dc84f3df554fe7762f7e6071f7c60ad5c1567287ed6b11b39d6e99657dcdfdab09b7d082eaeaf7cf2c927f3ad6ed1bc4a5f57863a7e860ac36e362415b7ec161ecbdecbd3669b6d56fc598f1d3b36fdfef7bf4f3ffbd9cff221f8473ffa513e50c5cf7e934d36c9f3154bad060c18204315ecf9aea046a75457573769c68c19efb5c7a03b73e6cc65d9f79b5e8bff4e95185462ddda565b6d9557ac958b6137be16ee8bc70bcf8d03d262b774ec9a2aadd81a1207af950f40b1d525763546adb3ce3ac5dbb1ebbad0646217766c1d8e3578b195a57cf7e19a1c6d6d50a9dcb0bbd34e3be55bc27ef9cb5fe66b77e37654dc5f3aecc66ec7499326e55bd56eb8e186fc76a162d774e9d1f232d4b986ddc8cbd4a9538bc36e1c6cb6e38e3ba62baeb8a2f8b38e0fd6b1b636d67ac7d93c626f529cd9230e548ab32dc487a69b6fbe395fa225439513e7dc2d0ca1b101646db8e38e3b4a07dda9262daa21f8c7f5e8d1a3b13db6ee9e7beeb96f66dfafceb0dbb65b760bc36e6c398983d14a6bfbedb76f71d88df572b1eb312a7605166ec7816c852613b7ebebeb3ff72868bb0fab3743b13632d6d9de7aebadf980126b2be320d1782cd652c66052786e0c35b1e5edf8e38fcf3f54c5eee958c2f0eb5fff3abf3f1e97a1ce39eceeb7df7ef9e01ac36e6c798d2dbaf161baf400b5f81946bea2624fc07aebad977fa02adc17c36ae450862adff30b83686cdd6deb03d5e2f5e2754b2e685167d2a25ac23f79f4e8d1afadcd4177cc9831f3b3eff3f8aad6a369325f6ed88d2dbd31d89656ec0eecd7af5f9a366d5ab32613cf8ddd8d51b145a5703b86e3f2dd87e54d269a51a1c9c411d03ff8c10f34992acc507cbf1836e2fccc71906261a08d837e1e7ae8a17c88f8f6b7bf9de6cc99537cec965b6ec98fa88f2dc071df4f7ffad3fcefc7fde5c3ae0c75fc0cc5a90ee392f2b19e36d670c796c0f8507dd75d77b57aeab1a85872d0b56bd766f7fdea57bfca0f9a95a1cacb86d0498561b47ffffe6d761ab2d88a1f3fb7d2adbab5daf3e980623d4df6496cf17ffef39f656b63d09d376fde87f1fad9b0bb53adfe1bb5779389d3edc4c119858a012486ddf85a7a7f3caf30ecc6c168f1df595e711ab26bafbdb6f8da71cedd38c27efefcf979c51695c2edd8c5586864e54d26b6f2c5fab838e02d9a4c9cb62eb616c6561f4da6fa32145b64639d6df67b9d1fc058b8c044540c1e7ffdeb5ff3ddce714ab1351d7665a8736428b292bd6fe7ebbb6379419c0da1f4bf213e48972e8579efbdf7d2902143f23d03e5177c880f5eb1944186aaa3e767b5b83094c6fbc0971d7863d01d3a7468e9a0bbac967b3e1d54972e5d4eaeafafffdf850b172e6fcb41375e2f7bdd85b5be2ba3bd9b4c2cee8f73e47e5ec5f30ac36e1c14120da0bce26214a5c36e79b57662f6112346e44352bc81c569cd62cb4bcf9e3df3abb41d72c821f97931e37c9a7ff8c31f34992acc50acbb2d2c59d877df7df3612332135f632b586cb58b53d2c5d75ffce217f96ee61824bef39defa4af7ffdebf973e26bfc39ee8fc763698c0c759e0c9d76da69f9079ff879c569c4e23460f161287e9ef1e17add75d7cd07cd78ee6db7dd962f7388e714aed81707b14566e2dccef1fc557d2f196aff9e5f3858adb085f78b2e6988bf57b645d7f205aafad3de69ddbb776fcc3e912f698b4177eedcb94be2f5b25faa0b6afddfa6daaf49fffaebafe7970b8ee1a5bce2c0a26850adfdddd815d9d2fdb1fb328e7a2e1ce91c97982dbd3c71ec462c1cb1afc9547f8662576fe4241a53f963b155270e22fabc8ae7c950e7c9506cd56f692d6c5ccc260e588baf85fbe2cfe5ff7df1f38d35be9183d62e4f2d4395edf9a5036facb58da52af1335fddb32ec4c168a56b74a33a42cfa7136ce1cd3e912d19356ad4b35fe6a0b5d1a3473fd7b56bd785f1cbd411fe5daa7dd8ed6c65505132a464a86d7a7e564b4b87d5185ee3b4717110627c382e2c7188a50ab15e3acedc12e76d8f2dff65576c5bd6517a3e9d630befb6717a92fafafa57a64d9b366b4d86dc193366bc74e69967ce8a85e91d69bd8e26a3c9c8900cc990ea68c36e69cf6fe172c36b5253add1a5567f014e885f80bababa0583070f9e3669d2a467decc3435357d10836d7c6d6c6c9c9f0dc4cf5d79e59553bb77effe46043e3ed975b4233035194d468664488654471c76cb7b7ee9d286d519723b62cfa7138aabae64bf00fd3ebbaef6bcac9a3e0b797c9d1fd7bd8ecb0176e4aba468329a8c0cc9900ca98e3ceceaf9d0c969329a8c0cc9900ca9ce30ec02865da5c9c8900cc99032ec02865da5c9c8900cc9900c016832caa0a26448866408409351061525437e763204a0c9683232a46448c9108026a3c9c8900cc99032ec0268329a8c0cc9900c29c32e60d8559a8c0cc9900cc9108061571954940cc9900c016832caa0a264488664084093d1646448c9909221004d469391212543cab00ba0c9683232244332a40cbb806157693232244332244300865d6550f1b39321199221004d461954940cc9900c0168329a8c0c2919523204a0c9683232a46448c9108026a3c9c8900cc99032ec02865da5c9c8900cc9900ce98e40873171e2446feed5534d5993f94486940c291902682353a64c695cb4689137f82aa8050b168cce9acc6c195232a46408a08d3434341c3b79f2e477172e5cf87fdee82bb725251acc8409135ecfea04195232a46408a00d656f6c47679fe49f8a5d57b1564bb57bc5bffbec5a6e303224433224430000000000000000000000000000000000000000000000005013fe1f4abf368be87603e70000000049454e44ae426082, '1'), ('28', '2', 'source', null, 0x7b227265736f757263654964223a223237222c2270726f70657274696573223a7b2270726f636573735f6964223a2266797371222c226e616d65223a22222c22646f63756d656e746174696f6e223a22222c2270726f636573735f617574686f72223a22222c2270726f636573735f76657273696f6e223a22222c2270726f636573735f6e616d657370616365223a22687474703a2f2f7777772e61637469766974692e6f72672f70726f63657373646566222c22657865637574696f6e6c697374656e657273223a22222c226576656e746c697374656e657273223a22222c227369676e616c646566696e6974696f6e73223a22222c226d657373616765646566696e6974696f6e73223a22227d2c227374656e63696c223a7b226964223a2242504d4e4469616772616d227d2c226368696c64536861706573223a5b7b227265736f757263654964223a227369642d33303441393432442d433833462d344533332d393735372d454238323945303445334436222c2270726f70657274696573223a7b226f766572726964656964223a22222c226e616d65223a22e6b581e7a88be5bc80e5a78b222c22646f63756d656e746174696f6e223a22222c22657865637574696f6e6c697374656e657273223a22222c22696e69746961746f72223a22222c22666f726d6b6579646566696e6974696f6e223a22222c22666f726d70726f70657274696573223a22227d2c227374656e63696c223a7b226964223a2253746172744e6f6e654576656e74227d2c226368696c64536861706573223a5b5d2c226f7574676f696e67223a5b7b227265736f757263654964223a227369642d38324436463533342d454244342d343542392d414236342d304137343131434344324638227d5d2c22626f756e6473223a7b226c6f7765725269676874223a7b2278223a3138312e352c2279223a3136367d2c2275707065724c656674223a7b2278223a3135312e352c2279223a3133367d7d2c22646f636b657273223a5b5d7d2c7b227265736f757263654964223a227369642d39334543384437302d394132352d344541372d423836312d323945393633394532423532222c2270726f70657274696573223a7b226f766572726964656964223a22222c226e616d65223a22e4b8bbe7aea1e5aea1e689b9222c22646f63756d656e746174696f6e223a22222c226173796e6368726f6e6f7573646566696e6974696f6e223a2266616c7365222c226578636c7573697665646566696e6974696f6e223a747275652c22657865637574696f6e6c697374656e657273223a22222c226d756c7469696e7374616e63655f74797065223a224e6f6e65222c226d756c7469696e7374616e63655f63617264696e616c697479223a22222c226d756c7469696e7374616e63655f636f6c6c656374696f6e223a22222c226d756c7469696e7374616e63655f7661726961626c65223a22222c226d756c7469696e7374616e63655f636f6e646974696f6e223a22222c226973666f72636f6d70656e736174696f6e223a2266616c7365222c22757365727461736b61737369676e6d656e74223a22222c22666f726d6b6579646566696e6974696f6e223a22222c2264756564617465646566696e6974696f6e223a22222c227072696f72697479646566696e6974696f6e223a22222c22666f726d70726f70657274696573223a22222c227461736b6c697374656e657273223a22227d2c227374656e63696c223a7b226964223a22557365725461736b227d2c226368696c64536861706573223a5b5d2c226f7574676f696e67223a5b7b227265736f757263654964223a227369642d41333243353732332d303333372d343131382d424631332d413533413435354638443833227d5d2c22626f756e6473223a7b226c6f7765725269676874223a7b2278223a3332362e352c2279223a3139317d2c2275707065724c656674223a7b2278223a3232362e352c2279223a3131317d7d2c22646f636b657273223a5b5d7d2c7b227265736f757263654964223a227369642d38324436463533342d454244342d343542392d414236342d304137343131434344324638222c2270726f70657274696573223a7b226f766572726964656964223a22222c226e616d65223a22222c22646f63756d656e746174696f6e223a22222c22636f6e646974696f6e73657175656e6365666c6f77223a22222c22657865637574696f6e6c697374656e657273223a22222c2264656661756c74666c6f77223a2266616c7365227d2c227374656e63696c223a7b226964223a2253657175656e6365466c6f77227d2c226368696c64536861706573223a5b5d2c226f7574676f696e67223a5b7b227265736f757263654964223a227369642d39334543384437302d394132352d344541372d423836312d323945393633394532423532227d5d2c22626f756e6473223a7b226c6f7765725269676874223a7b2278223a3232352e36353632352c2279223a3135317d2c2275707065724c656674223a7b2278223a3138322e3130393337352c2279223a3135317d7d2c22646f636b657273223a5b7b2278223a31352c2279223a31357d2c7b2278223a35302c2279223a34307d5d2c22746172676574223a7b227265736f757263654964223a227369642d39334543384437302d394132352d344541372d423836312d323945393633394532423532227d7d2c7b227265736f757263654964223a227369642d36313346383932372d383034462d343831322d393041322d413438343536343333313535222c2270726f70657274696573223a7b226f766572726964656964223a22222c226e616d65223a22e680bbe79b91e5aea1e689b9222c22646f63756d656e746174696f6e223a22222c226173796e6368726f6e6f7573646566696e6974696f6e223a2266616c7365222c226578636c7573697665646566696e6974696f6e223a747275652c22657865637574696f6e6c697374656e657273223a22222c226d756c7469696e7374616e63655f74797065223a224e6f6e65222c226d756c7469696e7374616e63655f63617264696e616c697479223a22222c226d756c7469696e7374616e63655f636f6c6c656374696f6e223a22222c226d756c7469696e7374616e63655f7661726961626c65223a22222c226d756c7469696e7374616e63655f636f6e646974696f6e223a22222c226973666f72636f6d70656e736174696f6e223a2266616c7365222c22757365727461736b61737369676e6d656e74223a22222c22666f726d6b6579646566696e6974696f6e223a22222c2264756564617465646566696e6974696f6e223a22222c227072696f72697479646566696e6974696f6e223a22222c22666f726d70726f70657274696573223a22222c227461736b6c697374656e657273223a22227d2c227374656e63696c223a7b226964223a22557365725461736b227d2c226368696c64536861706573223a5b5d2c226f7574676f696e67223a5b7b227265736f757263654964223a227369642d45393344443444312d384645352d344541422d413736332d324634444445313033333232227d5d2c22626f756e6473223a7b226c6f7765725269676874223a7b2278223a3437312e352c2279223a3139317d2c2275707065724c656674223a7b2278223a3337312e352c2279223a3131317d7d2c22646f636b657273223a5b5d7d2c7b227265736f757263654964223a227369642d41333243353732332d303333372d343131382d424631332d413533413435354638443833222c2270726f70657274696573223a7b226f766572726964656964223a22222c226e616d65223a22222c22646f63756d656e746174696f6e223a22222c22636f6e646974696f6e73657175656e6365666c6f77223a22222c22657865637574696f6e6c697374656e657273223a22222c2264656661756c74666c6f77223a2266616c7365227d2c227374656e63696c223a7b226964223a2253657175656e6365466c6f77227d2c226368696c64536861706573223a5b5d2c226f7574676f696e67223a5b7b227265736f757263654964223a227369642d36313346383932372d383034462d343831322d393041322d413438343536343333313535227d5d2c22626f756e6473223a7b226c6f7765725269676874223a7b2278223a3337302e36353632352c2279223a3135317d2c2275707065724c656674223a7b2278223a3332372e33343337352c2279223a3135317d7d2c22646f636b657273223a5b7b2278223a35302c2279223a34307d2c7b2278223a35302c2279223a34307d5d2c22746172676574223a7b227265736f757263654964223a227369642d36313346383932372d383034462d343831322d393041322d413438343536343333313535227d7d2c7b227265736f757263654964223a227369642d43304441383745442d393632352d344539452d414142322d413944333043433135383745222c2270726f70657274696573223a7b226f766572726964656964223a22222c226e616d65223a22e8b4a2e58aa1e5aea1e689b9222c22646f63756d656e746174696f6e223a22222c226173796e6368726f6e6f7573646566696e6974696f6e223a2266616c7365222c226578636c7573697665646566696e6974696f6e223a747275652c22657865637574696f6e6c697374656e657273223a22222c226d756c7469696e7374616e63655f74797065223a224e6f6e65222c226d756c7469696e7374616e63655f63617264696e616c697479223a22222c226d756c7469696e7374616e63655f636f6c6c656374696f6e223a22222c226d756c7469696e7374616e63655f7661726961626c65223a22222c226d756c7469696e7374616e63655f636f6e646974696f6e223a22222c226973666f72636f6d70656e736174696f6e223a2266616c7365222c22757365727461736b61737369676e6d656e74223a22222c22666f726d6b6579646566696e6974696f6e223a22222c2264756564617465646566696e6974696f6e223a22222c227072696f72697479646566696e6974696f6e223a22222c22666f726d70726f70657274696573223a22222c227461736b6c697374656e657273223a22227d2c227374656e63696c223a7b226964223a22557365725461736b227d2c226368696c64536861706573223a5b5d2c226f7574676f696e67223a5b7b227265736f757263654964223a227369642d42363241314142372d423039372d343031332d384637302d454244364134443844413239227d5d2c22626f756e6473223a7b226c6f7765725269676874223a7b2278223a3631362e352c2279223a3139317d2c2275707065724c656674223a7b2278223a3531362e352c2279223a3131317d7d2c22646f636b657273223a5b5d7d2c7b227265736f757263654964223a227369642d45393344443444312d384645352d344541422d413736332d324634444445313033333232222c2270726f70657274696573223a7b226f766572726964656964223a22222c226e616d65223a22222c22646f63756d656e746174696f6e223a22222c22636f6e646974696f6e73657175656e6365666c6f77223a22222c22657865637574696f6e6c697374656e657273223a22222c2264656661756c74666c6f77223a2266616c7365227d2c227374656e63696c223a7b226964223a2253657175656e6365466c6f77227d2c226368696c64536861706573223a5b5d2c226f7574676f696e67223a5b7b227265736f757263654964223a227369642d43304441383745442d393632352d344539452d414142322d413944333043433135383745227d5d2c22626f756e6473223a7b226c6f7765725269676874223a7b2278223a3531352e36353632352c2279223a3135317d2c2275707065724c656674223a7b2278223a3437322e33343337352c2279223a3135317d7d2c22646f636b657273223a5b7b2278223a35302c2279223a34307d2c7b2278223a35302c2279223a34307d5d2c22746172676574223a7b227265736f757263654964223a227369642d43304441383745442d393632352d344539452d414142322d413944333043433135383745227d7d2c7b227265736f757263654964223a227369642d36313131373931322d433542302d344436362d423643372d393745373630434535304341222c2270726f70657274696573223a7b226f766572726964656964223a22222c226e616d65223a22e6b581e7a88be7bb93e69d9f222c22646f63756d656e746174696f6e223a22222c22657865637574696f6e6c697374656e657273223a22227d2c227374656e63696c223a7b226964223a22456e644e6f6e654576656e74227d2c226368696c64536861706573223a5b5d2c226f7574676f696e67223a5b5d2c22626f756e6473223a7b226c6f7765725269676874223a7b2278223a3638392e352c2279223a3136357d2c2275707065724c656674223a7b2278223a3636312e352c2279223a3133377d7d2c22646f636b657273223a5b5d7d2c7b227265736f757263654964223a227369642d42363241314142372d423039372d343031332d384637302d454244364134443844413239222c2270726f70657274696573223a7b226f766572726964656964223a22222c226e616d65223a22222c22646f63756d656e746174696f6e223a22222c22636f6e646974696f6e73657175656e6365666c6f77223a22222c22657865637574696f6e6c697374656e657273223a22222c2264656661756c74666c6f77223a2266616c7365227d2c227374656e63696c223a7b226964223a2253657175656e6365466c6f77227d2c226368696c64536861706573223a5b5d2c226f7574676f696e67223a5b7b227265736f757263654964223a227369642d36313131373931322d433542302d344436362d423643372d393745373630434535304341227d5d2c22626f756e6473223a7b226c6f7765725269676874223a7b2278223a3636302e3837352c2279223a3135317d2c2275707065724c656674223a7b2278223a3631362e3839303632352c2279223a3135317d7d2c22646f636b657273223a5b7b2278223a35302c2279223a34307d2c7b2278223a31342c2279223a31347d5d2c22746172676574223a7b227265736f757263654964223a227369642d36313131373931322d433542302d344436362d423643372d393745373630434535304341227d7d5d2c22626f756e6473223a7b226c6f7765725269676874223a7b2278223a313230302c2279223a313035307d2c2275707065724c656674223a7b2278223a302c2279223a307d7d2c227374656e63696c736574223a7b2275726c223a227374656e63696c736574732f62706d6e322e302f62706d6e322e302e6a736f6e222c226e616d657370616365223a22687474703a2f2f62336d6e2e6f72672f7374656e63696c7365742f62706d6e322e3023227d2c227373657874656e73696f6e73223a5b5d7d, null), ('29', '1', 'source-extra', null, 0x89504e470d0a1a0a0000000d49484452000002e4000000f108060000008320a264000000206348524d00007a26000080840000fa00000080e8000075300000ea6000003a98000017709cba513c0000000467414d410000b18e7cfb5193000000017352474200aece1ce900000006624b474400ff00ff00ffa0bda793000000097048597300000ec400000ec401952b0e1b000020004944415478daeddd07785455fac7f1338140e841c4a08ba0d8001b6b5b2c2bac4a115dcb5f91008aba16642d8f05175d2ca0ebb2166ca8088a0541405010518a0d157517a4292ab1d091501342c0842433fff3bb736fbc19868024339924dfcff39c67fa4c72ef7bef79efb9e79c6b0c000000000000000000000000000000000000000000000000000000000000000000000000000000000000000000000000000000000000000000000000000000000000000000000000000000000000000000000000000000000000000000000000000000000000000000000000000000000000000000000000000000000000000000000000000000000000000000000000000000000000000000000000000000000000000000000000000000000000000000000000000000000000000000000000000000000000000000000000000000000000000000000000000000000000000000000000000000000000000000000000000000000000000000000000000000000000000000000000000000000000000000000000000000000000000000000000000000000000000000000000000000000000000000000000000000000000000000000000000000000000000000000000000000000000000000000000000000000000000000000000000000000000000000000000000000000000000000000000000000000000000000000000000000000000000000000000000000000000000000000000000000000000000000000000000000000000000000000000000000000000000000000000000000000000000000000000000000000000000000aa91008b00485c4b962cb974e7ce9dfdf2f3f34fdcb16347a36030c84229eb4e2f103075ead4d966cb37292929cfb76ddbf6356208c41031440c81841c40090b162c38352f2f6fbcadf80e4e4b4b0b346ad4c83468d0c0242525b170ca48c9446e6eaec9c9c931ebd7afd7536b929393af38f9e49367134320868821620824e400cce2c58bafcdcaca1ad1a2458ba4830e3ac8694941ecfcf2cb2f66d5aa55419b6cf46fd7aedd13c410882162881842bcd5601100895509e6e4e4e8f4658da64d9b5209c6815afc1a376e1c58b3664da79b6eba69f3c89123e7114320868821620824e440353473e6ccd6050505d36c2558b361c386bbbc1e0a05cd96959f9975dfbe6936fcf0aec95efb9509050b4c9d46cd6d85c929e4b2a855ab96494d4d0dac5ebdba539f3e7da6befaeaabeb89211043c41031847861eb011244bd7af526b668d122395a2528eb974e351b7f9a650a7edde23c2ecccf311b7ffec0647e3f8585573ecbdfb46cd932d99a400c811822868821909003d5ccac59b3da8542a123d557331a557e5b7f5910f5b5adeb1699bc6deb5888e540cb3f2929e9d0f7df7fbf3d3104628818228640420e5423b56bd7bea659b366b576d757f3d7ad6b9c53c5bb939fcb99cdf2a2f5909c9cfc376208c41031440c81841ca85eba684ab1dd09050b4bff74887981cb8b7baabe133104628818228640420e5423050505876a943d2a5efdfaf5b53e5a10432086400c81841ca84642a1504d2eb691203bc5f07a482286400c81180209398062c9751a97fa7acddab46a811802310490900388993aa92d4dfdfd8f8afa5addfd0e735e07882110430009398018d10537d25aff35ea6b07b6bdd824d5a8c5420231046208202107104b453bb7477dbe307f1b0b07c410882180841c402c6d5939c7ac5ef84ad4d7562f78d96c5ef1290b09c4108821a092aac922001257415eb659bff41d93bb2963b7ef0916ed742e65bd7df38fa659eb0b4cad7a4d59702086400c0124e400ca2a6bcd5cb3e9e7f74d51c1af7bf5fe1d59cbcd8ab9c3cdfeadce328d5b9ce6f4f70431440c81180248c801ec039d1adef0e38cdffd39b552e973babc759343ce64411243c4108821a012e0d0154840aad0ca628f97b80631440c81180212062de44002d2e95e158018023104547db4900300000024e4000000000939000000001272000000a0fa6050272adcac59b3ce5eb66cd94d1b376e6cbf61c3862639393935f3f3f303c9c9c9a661c3868569696959fbedb7dfbcb66ddb3e7dd65967cd648901005039f5eeddbb796161e1458140a0837dd8ce9666b6d4b725cf96cc5028b4c8bef6798d1a35c68f1d3b760d0939106343870eed9f9d9d3df0bdf7de4b6dd3a68de9d4a99339f8e0838d4dbe4d4a4a8ac9cbcb33dbb66dabb97af5eaa64b962ce93675ead46e03070edc6693f427070c18701f4b100080caa167cf9e17d99b1b8b8a8afe6c13eeda51de9262cb21f6b543eced45f67d8fa6a7a7cfb68f478d1b376e0c093950ce1e7df4d1e3b66cd9327dddba7507da0d3470fcf1c71b7b24bceb9669937295a64d9b9a134e38c1f4e9d3c72c5ebcb8c11b6fbc716ffffefdfb356bd6ac9bbd9dc71205002031d9a45a09f6f05028d4751f3eded17eaea3fd8ebe3641bf7ae2c4893f919003e5938cdfffd34f3fdd77fef9e7279d7beeb95113f1d2287957993973e6fe93274ffeef638f3df61f9b940f64c9020090587af4e8916e6f86d9b2bff79ceafd638e39c6fce94f7f32871f7eb8494d4d350d1a34303b76ec30d9d9d966c58a1566eedcb966c18205a6a0a0c0fbd819f6730b7bf6ecd9afaab6969390236e9e7ffef97b962c5972ff1d77dc1138e28823caf45d5dba7431ad5bb74eb209f9dd43870e6d60bff3169630000009938c9f1f08045ef3724d25e26a88ebdcb9b373e63b52ddba759d72d0410799d34e3bcd49cedf7df75d337dfa74535454a4b7d40f8542afd9a43cc526e52f56b5e5c52c2b888b7befbdf7769b8c0fbeefbefbca9c8c7b5ab66c69f47dcb972fbf71d0a04177b19401004888643cdd26e393bd645c49f690214334a0336a321e8d5acef57e7d4ee3cb3c36297fc126e597939003bfd3f5d75f7f586666e67f6eb9e596a4bddd10f796beaf7ffffe496bd7ae7de0f6db6f3f9ea50d0040c5519f719b8c0ff392f1a38e3aca0c1a34a84452fd7be873fafcb1c71eeb4fca87dba4bc350939f03bd4ad5b77fa05175c905c5e2de391d4527ec9259724171414bccdd20600a0e2d864fc05e3f61957cbf81d77dce1f4112f631e616ebdf5567f52afee2b2f9090037be9e69b6fee5da3468d56eaf31d4bfafe949494e6f6f7fab1d40100883f4d6d6813e573745f7dc69544973519f727e5b68ef74f06714655eaba42428e984a4e4e1edcab57af1abac84fac5d71c51535929292eeae88ff333d3dfd1eed883a76ecc840e928ec0eda0483411644358921dfcc087b8c0b15628818623f546562e846ef8e0670ee6b3795ddd1f79d7ffef9fe75da97841cd8035d8debd75f7f3d58d314c683fa97d99d6d3377ced3787bd0ee1826a7a5a56db5bf3fc1eed0ba76efdebd7e65584f1ac9ae29a8ecbadaed7bbefefa6bd3bc7973b366cd1ab369d3a6e272c8218798efbefbaef8b12ee624baf59773ce39c74c9830a1c473f9f9f9257e43df2f6fbdf59679e491479cfb9f7cf289b9eaaaabaacb2653e96268e7ce9da65dbb7666c99225c5cfcd9a35cb9c7aeaa9bbbcf7e38f3f36ab57af76a6323be38c339ce73efbec3373d2492745fd6e62a8eac7d0d0a1434b946fbffdb6c4eb9a166fc3860dbb7ceea38f3e72f659858585a57e3f31b4ef31d4ac59b39c1e3d7a4cf93d31a43a5f7386ebbe37a34a2c74eddad5f81af9cea8a03abfdc71148d98494d4ded632beb9abf77aef1b2b03bf0e4cf3ffffc6a7bf7fe8af89f0381405d7b7399dd295d66ffef5cbb339b661fbf5abb76edd9afbcf24a5e82ae27d3a2450bf3ce3bef98cb2ebb6c97d735dd54bf7efd4cad5ab5cc61871de6cc1b5baf5e3d73fae9a73b15e29ffffc67e754a2dd819b7ffef39f4e32a67efd7ff8c31f4ab44c0d1c38d0299e5f7ef9c549e2ebd7af5f7c60205bb66c71127f516599959555adb69bca14438a897ffce31f3a3b65befaea2b673debf17df7ed7a21dd679f7dd65c7df5d54e9c2891979933679aeddbb73b03b63c8a357d0f3154f56348ebfd9e7bee71ee7ff0c107a6499326e6e8a38f2e7e5debd19deeaed8c68d1b35518059bb76ad134bfefd54ebd6adcd975f7ee93ccecccc2486caa68e8da30bed32bbd0c6d0769bf44ed715334b8b215b1f5c64dfe3e4956a88d355b7635567e96281fffbdfffbca72eb5e53112726077c155b3e65f8f3df6d8b89e8569d3a68d36d2f32a2a218fa04127ba28427a5e5e5ebedda1bd69775613d7ad5b376df6ecd98515f98769392911f26cddbad569adecdfbf7ff1736a81f8f9e79fcd9c39739c4a6ad1a2454e7f400dce552b9206eaa8a54acf6baed871e3c61557843aadf8d34fbf5d504dafeba20fddbb772f7eceab4c3ffdf453f3f0c30f3bdd1cce3bef3cf3c73ffe31eadf9c9191e18cd6af66123686e4a28b2e322b57ae34cb972f775abad5e2b86cd932f3c0030f98d1a3479b2953a6ecf6b34a72264d9ae47c87bf8f69525292935c1143553f8674607fe185179a69d3a63907f28a1f1dd079dd989404ffeb5fffd2a07d73d6596739fba2cb2fbfdc79fece3bef74126bc58b5ad76d92689e79e69912df4f0c95dfaa52d26bd7cba5761dedb43134d5c6d0d8c818b2cf75f0ee9f72ca2931fd83f4fdbe84bc030939508a6ddbb6b5520b453c69079c9393d32a0117476d5b7ad91d5aaf030f3c705bcf9e3d3fb48f4754548b952a1f3f55684a825419463af2c8234ddbb66dcd8d37dee824f1eabea264cbfe1f4e05a6ca5395a25a49758a575351befaeaabe6b9e79e2b6e09b53b6de7b36ad5f2bcfdf6db4ecbba0e0eeebaeb2ea74b836e172f5eecec68c78c19e3f4f7d455dbba75ebe6748dd17b0e3df4d0eaba4925540c89921d2541ad5a95dce47420a7c157a579e289279cd6501de4e9e04e31e39d86d6991762a87ac49077b0af18b2099db32e45674f6c1de23400ecbf7ff8228f3a8053827ef6d9673b5d4874764e3163ff7e679f76c00107147faf3e430cc5442d2f39b70733db6d0c7d621f0f530cd964bd9df7a6c87d42795377499f765561c192902366ec4e3055a796e2492d6d0505050ded11fca0445d2e7647a6e6c08b54d42264ffd6653a0d1b4f91f3c1aba54a0979b479e2ed018ed347f8dffffeb7737a57bc3ec01e4d6d3560c000e7bd4ad4d59d45fdfcd48545c9ba2a44556a5e7f4d25f23ffef8a3f39a7e5345f755c1aa054aadec6a0d534b942a6c1d28a83b4d3c06074b6e6eae2186f68ed6bdba3cf9796309f670c06e1e7ffc71275ebc96d0c18307872ba69a3589a16a1443c5470b36b1f6fa6a0f1f3edc49d07bf4e8e1c488e8c04d49b5ba44e9a04f71a26e2e1a9ba038d1ba3ff3cc339d64b9b2c790bad168bc4522c790aa0e1b47ddec6d37779b2f1ea11debba3fe2fbf72721074a515858582b252525aebfa9dfb33b5c755abfbf122daa5673e7ce754ecbc6cbe6cd9b4b9cca558526be53804e0b872a28edf82ebef862f3fdf7df9b8913273a7df7fc94ac6bd4bb2aaa860d1b163fafca54ef5505a76e0c4ac0bccf46abd074aaf8a1871e722accbffce52fe6e9a79f7606086ad0a0aed6164f3ffcf0832186f6ce75d75d67ead4a953e2b96803849528a93fafd72758ebda3362c40873d34d3739eb5ef1420c55af188aa4fee43adbe9efb7fdf2cb2f9bdb6ebbcd9c78e289ce604f7551d1baf5e24f9f51abbabab1dc7befbda66fdfbe953a86d48570e1c285952d8602fec6b158d2590d7fd54f420e94165c356be6dba3e6daf14cca75946e77c085f6a8fda138ffbb7bb3d30cdabf2be80d7af1251dcb4e3ae9a4b876b3993f7fbe79eaa9a78a1faba252d713ffa95c753950eb525a5a9ad33aaea29dac77fab8b889a45e3de7562d9c91de78e30da7425437177543d00c07a27e9c9ee9d3a73b2d587a9f5ab0d4e255d12d75eaa6632bc3c1c450e9c68f1f5f3c1641076c5ac7ded5f494d028f9f60675f7ead5cb39fdafe714574f3ef96489ef521f611d28469ea52186aa760ca915da7f40a783390df4547ca81b9c47f7d5754e671e44addc2fbdf492d3a54567691437ea5fae566fadffca1e436aa5d7f88c048d21278e4cc44c7d76d929b69ce774e013cba4dcbfee54f5939003a5484e4ececacece6ee61f091f6bda09d8dfdd3a7af4e841f1fc5fd3d3d377bb13b33ba842b7f24bb2b749f671b6bdfd4083626ad7ae3d437d37fff6b7bf85e2f9f776eedcd9299e071f7cd04994fcb35d44a3c19c91dd55f45833af44e30dba1a397264f1295f99316346f17b54c9aa62d5f7a8cbc28b2fbe18756e6a257e5ef21f6b9a71c1269bc45029d48aa85914d4a2a8b3283a70bbfbeebb9dd956d45d4003e37466e5da6baf75debf7efd7ae720f0861b6e30afbffeba33259a121fb5045e79e5954e2b79870e1d7649c889a1aa1b43a25660af4b8ad699e245b3a5b46fdf3eb281c789956fbef9c679ac81c48a3db58c7b3efcf043a7e55cd31b56f61852c3875af2070c1890303164e9f496376dda2e31949797a795e354065aceb14cc8bdd9705c9b48c881d20e9f83c1af56ac5871ae4dc8e336efa1ba5ed89dc3828afcbfd54a6015d8dbdaee636d676ad6d1de7f429d3a753eb0954676655ca7aa10fd5d5d3ceab6a284cbbf035665a65651b538ad5bb7ce49f8dd53b0254e456be0af8adee75b86bbfc865ae0d5eaa8a9f3aaba448f212542cf3fffbc93d0a8d55b67a6faf4e9e3f409d78037f5efd5ec291a2cacf5e5b5922bf1d2580325516af15442aea9e5f49c5a28a32491c45015de0f69ae6fcdc8a3419ac71d779cd3654e67eb347b5334de2c501acba2f852dcdc7efbedc5af77ecd8d1346ad488182a5f1a115bcbbd5fa3b418b2c9fc222f21d77a2cef8b02f96990adcf221272a014b6929e397ffefcd3dab76fbf5fbc7e73f1e2c5d9f9f9f9b32af2ffd6293bb712d48e6b922defa6a4a44c4b94f97fd52d40a742fdbcae2a1a44e4a7c17afe2e2a9a65c06bf1f4ebd2a5cb2ecfa9554ab315c8638f3de6ccebab6e2fa264cedf0750099dd71aa5960fedcc55f9aacfb1fe5e55a26a19533fe4ea20d1634873d66be09c664951d2e20df6551f5e7555515f5f4d83a903b4c993273b5d5474c0a66e064ac075abae0aea3ee03da7e45cefd1c0606f2c023154756348eb4a7dd6d5d2ad2906afb9e61a679626ddaa0b8b0efad47dc59f14abbb8aba9be88cdedffffef712c9b8e266e9d2a52672662f62a8cc6aed6d0cd965f7895d5f9a13dc59b73ae3152bfa7e9f4f48c881d282ab66cd290b172e7cd0df8f34d6befcf2cba0bbe3a8a84a46ad05b3939292bc8b70245c4bb82e9c3164c890a8af454e55a72e08fecb146b6ab168fd2a23af76275e25188dba2d783efffc73a775557d4145adf03a2dacd654b59ca99555dd18745122f5abac068954c2c790921eefe22a4a4e7af6ece94c49e725355a979a464e8380d5654d03f2d4954083e82ebdd4a9af8b9322f19e5397290dc6f35a1f89a1aa1b434a8e355852b39868dda8a5fc8b2fbe706655d1019dce98285ebc2e4cf3e6cd73ba4169bef251a34639eb553418589f53dc6980a77fea436228be31a43adfd6f74fe8aea68dd4c14f2c2e0ea483a588c6a34955619907481b114b975f7ef9c7b7dc72cb09279f7c72c358ff96dd01e4da9dfcb763c68c691fefff333d3dfd9e4020b0c2eeb826ed4b0bd4fbefbf1f4af456175dc25aad55d1a646d460295dcada3f43869f5ae0d51a1a6d5e7ab58cea54b22a3e5df931f2004e2dae6a2dd39468f1a2038f4e9d3a0588a1bda3f5e3cdf5ac18889c75a53c1043552b86d4daad01ffea1b1e49172ad3a03d0dacd4faf4c780ffca9ba256748d1dd27bf7d4f0430cc53e86ecc1f9fb3699773af1ab31271633d36830b9e68f77cdb18fabc411122de48829bb537b6ad4a851c34f38e18486b16e251f3972e456fb7bcf54c4ff697708ffaaeaeb32b2e5c94ffd3f4b135989faa9f2f357909171a2042f9e956045a9cc31a496cc58cfcd4c0c55ad18f22e551f8dfa8147f605df5d0ce8e06f6f0f0089a1b8c4d0b3b63809b9ce72e800af3cfb926b9c98aeeceab1070f23aacab24f32400c8d1b376e4a4e4e4ec6a4499356c6f277a64c99b2262b2b6be5ba75ebc6b3d40100a8983adfdeccd67d9d65d0f4953a83511e74d664d8b061c5d732b0e654a53a9f841c31170a85ae7ae79d77ea656464e4c6e2fb57ac58b1c326fc9aecfc9ad9b36717b2c40100a8301a04e24c45a801dfea7f5fd6a45cc9b8927bef2276566e2010b8ae2ad5f924e488b9f1e3c7af282c2cbc79c89021db376cd8905f9edfadef1b3468506e3018bccd1e992f6569030050b1757e2814d20c014eb29c9191e10cd8f625d3bf8b3ea7cf7b73d08b4dc6fb55b53a9f841c713161c284f1f9f9f977dd79e79d594b972edd5c1edfb97cf9f2cdfabebcbcbc27ec863986a50c004062d4f9f6e63a2f29574bb966ed1a3b766ce4457d764befd3004e7dce9fccdb64ffeeaa58e733a813f13c6a7ea5478f1e790f3cf0c0335dbb765dd4bb77ef76fb3ad0d36eec5f4f9d3ab5593018bcdbde7f85a50b0040e2d5f9f6eef0402090aabedf1a90a9c19ec71f7fbc39e594534cab56ad9c2bfdea9a05ea96a2245c17fd993f7fbe33b5a1a6b3f451b7d79bab6a9d4f428eb81f35a7a7a7ff77c68c192f7cf4d1473ff7eddb37efd4534f3d7a6f3f3f6fdebc1f468c1851b07dfbf61cbb81f7b01b3cdd54000048e03adfd6d72f78d3212a3157b21d7921ba3d98a33ee355b96b2a09392ae2a87985bde96437d24b870d1bd6f7b9e79e6b7cf8e187afecd0a143ca11471c714093264d52535252ead923e3edf668396bf9f2e55b3efdf4d39cefbefbaee5ce9d3b37d8cf8ecacccc1cc3004e00002a4f9d6f93eabe3631eff83bf2cf39d5a5ce272147456ea4babad6a4debd7b37cfc8c8b874e9d2a5a7dbc78d6df1fab178b7ab4cf8d2b893dc0d1b000054d23a3f180c5e6a1373d5f927d9d2cc16cd94a6fe299a9d655175acf349c851e1c68e1dbbc6de3ce9160000409d5fad30cb0a000000caeaf872fa9e06519edb6f2f3ed798841c88edc6b9b7eadad224ca730000a07c34b2e54b5b8e8d787e94097741f16b69cb2db6bc64cb425beeb1e5655bdef595a723f2d2f9b61ce57b4edd59bed98bbf6b79655ea8745941796d9c336cb93e62a3d1c679832d5f456c9c17dad2ce963fdaf2a62d87d97280ef3d3fbb1bb05c694bd3527e5b139abee8ded7f79e61cb8dbed7dfb265b82d6fb39a000028b3adb6fcc796696e1d7eae5b8f67daa2f9c143eefb54ff6baac2e6ee7b7ad8f2b99b389f6dcb4e5bf6f7d5e15e3dbece960c5beeb7e52f6e92aef7cd76df33da961f6c1917251789bcfa50775bfe4b420e36ceb26f9cfa6c912dffb065a49b80cb83b60cb625e83baa3ec29665263c18549f39ddfd2dfd5d134df872beb9ac2e0000f6592d5bbeb6a58d2d3b6c79dd96e76d39d5963ab64cb5e5afb66c33e1b3d44fb88f37baaf074cb8714e757e6437933b6d1964c22de99ad0411717520bf947ee7dd9628b2e30788c29d998a7c1a067f91eafb725a7b22c54127224fac639dabdbdc696176c59e33e5682aed35cf9eee37b6db9cb3d3850a2aeae2b8fd972879b9c2f73ef0f66750100b0cf4eb44533a65ce2d6e3aae35f74136625c82d6c79c684cf709fe726d9ad6d79cd9667dd7abdbbeffbde746fbbb979c4856e62adcfb677730c35b49decbe6fba7bdbcb96fe6efd6edcc4fd39f77e2b374778aab22c54fa90a3bc364ecd157a9c09b78c6be37ccfdd386ff76d9cc6ddc0def66d9cdd7d1b676f77837c731ffe86c16eb2ae2e2bdfbabfa70df202f7f72e70ff9603585d0000ec33f51fbfc2845bb1d58836c584cf662b69fec64dc40fb6e510133e3bfdb8fbb987ddcf6a3ef14c5f497673871526dc70a66e2a83dc045b5d5b75f1c051ee7d15ffd8309d85efe4965cdffd972adb42a5851ce5bd710edacdc639d8b771eaf971eec6f98dfb7ca6effbbc8db39d9b447b47bb4aacbdebe8aa05fc63f777d4e2fe897b8079a0090f1c99ea3ea70b09ad76cb75ee81c00656190000fb4c5d4874765b97db7cd5968e26dc1876b82d5f98707712af3ed719ec2c5b0698708bb5aeb6a9b3e38fd872b3fb3e9d5dffd9fddcf7b67c6a4b6db7beaee5fb5d9d055feb7b7c95fbdbfa5b1ab89f535ed0d2cd0d48c8c1c6590e1be74c5be6ba1be33c5bfecffcd6677c819be8e7bbdfa5dfd3692bb5d67fe5deef17f137fe50d93650000012905ac0d58d548d676a20cbdecdfbae75f383334d781c99de9fe226db496efdaeeeaa1ac8d9c6cd1f7eb165ac2d0fb979c25dbe9c55f7bd33ee9aad65b22da799f000507d8f5adfd52d46e3d3722ad302a5cb0aca7be30cede5c6b9dadd3877ba1ba47fe334eec699ebbe2fd584a7415a697e6bedd646b7ca2dea9bfe992d0d6d19e8bed7bbe2e71d6e516bfc19ac260000caac8f099fe96eeed6f7c1283981265668ea26d6a216709d41d799ec34f3db596daf2ba9eaf6b3ddc4bcab09b794abae7fd12da3227e4367cc35f5e22013ee0eab063a4d16719f09f737df519916282de488e7c6d9c2b7719ee96e9ceab2729b7bc4ec6d9cbf467c56fdcbbfd8c3efeb37357044dd54d4ffec4b3751ffc17d7d1bab08008072a133d41a9ba5ab6d8e89784d75b9ce8a6bf286bf47bc76902def987003da0dee7d6966c27dc33598f301139e87fc51133eab7e59949cf548f7757d9f06977a133e6890a9c6a2bde27effadb6fc48420e36ceb26d9c99ee776ae3eabc87df57df314d8ba81678b592e7b81bec4deeeba9ac220000ca4c0d6c3f99f00c66ba82e610f7799db1de6ec2dd57d59a7d6794cfea7a25de0585d4bdf461f7beae19a2463ab5726b16354d61a8863d754539d17d4f0ddff7e8c283b34d782695a288df58ebe60cba9ec9d124e460e32cfbc6a92b780d32e111d3eb233ea7d35821df63cdd032d5fd1dcd3bdecafddddaeeebc9ac260000ca4c5d4bbab9f73bf91262ef2a9d6da27c46fdbcd585e4ee3d7cf727118f0f3525fb823fe8de4e8cf2d9c37df7951f3c5599162a0939127de33c39cad1af7710e0f782efbe92775d3440a7beb6b8cfa995fe5956150000e5a6702fdfb77d1fbf3f7260e6d652debbb1322f48127224fac659b48fef2bf425e3a2535f4c77080000120eb3ac000920100814048341164402d07a088542416208c4108821909003d5cbe26ddb98082611e4e6e69aa4a4a46f89211043208640420e5423a15068465656d67a9644c5cbcecede64d7c74c6208c4108821909003d52b217f73eddab535ed2d0ba382d9f550606fde2486400c8118020939508d74eedc79515151d1bc55ab56ad6669541cbbfc571514147cd7a953a7ff12432086400c81841ca86682c1e06d763f5c272727279ba5117fb9b9b93b56ae5c59d7ae875b89211043c410318478aac1220012c398316336f5e9d367e1c68d1bcf6dd4a851614a4a4a5d964adc2ac1acc58b17e78442a1eb3a7783f44dce0000019049444154ee3c87180231440c1143202107aaa9d1a3472fbbe28a2bbec9ccccec5e5858f855e3c68d5b060201164c0c2d5bb6ec8b8c8c8c547bf7fa73ce39671a31046288182286106f6c6140029a397366eba4a4a4276c25785c93264dbe4d4b4b6b6a2b453d97c2d2299b603098979393f3ddfaf5eb376fdab4e9d0a2a2a2153a4ddfa54b9725c4108821628818020939801266cd9ad5ce568697d8bb1d6d39c9162ac2b2d3555c17d932db9637abfac0296288182286882100000000000000000000000000000000000000000000000000000000000000000000000000000000000000000000000000000000000000000000000000000000000000000000000000000000000000000000000000000000000000000000000000000000000000000000000000000000000000000000000000000000000000000000000000000000000000000000000000000000000000000000000000000000000000000000000000000000000000000000000000000000000000000000000000000000000000000000000000000000000000d5dcff0315738d0c2f2725750000000049454e44ae426082, null);
INSERT INTO `ACT_GE_BYTEARRAY` VALUES ('3', '1', '请假.leave.png', '1', 0x89504e470d0a1a0a0000000d4948445200000255000000d508060000007e29054300000f544944415478daeddd7b885565bb00f0afa8a8a020ba1074c12e70a482ea8f22eafc5151fd11c52950a66626b3511cadccb40239dd4c33b528ab531d82e2abafa20361667ef5698ef72e92a7484f2665a965a64e172dcb4b5aef59cfc23d6c4727f78c337bf69ef9fde0c1edde7b461d9fbd9e67bdefbbdef5b7bf010000000000000000000000000000000000000000000000000000000000000000000000000000000000000000000000000000000000000000000000000000000000000000000000000000000000000000000000000000000000000000000000000000000000000000000000000000000000000000000000000000000000000000000000000000000000000000000000000000000000000000000000000000000000000000000000000000000000000000000000000000000000000000000000000000000000000000000000000000000000000000000000000000000000000000000000000000000000000000000000000000000000000000000000000000000000000000000000000000000000000000000000000000000000000000007f25a574d0ca952b5f5bb468d11fb367cf4eb366cd12658ea6a6a6b460c1821fb2a89743a237e610408f10c570e1c285a9b9b9396ddfbe5d74537cfffdf769fefcf93f67c5b19f1c12bd2d87007a84185d500c2ba6286e9f356bd67239247a5b0e01f408315da318554e640571871c12bd2d87007a84588fa1105554414c7248f4b61c02e8554dd5af9bd6a5958bff9e96358dcd231ec7738a98822887e410002516c4cd1bd7a64f67de9b96bc75d76e11cfc56b0a99a64a0ec921004d55090571cdb237f7288685f876d974854c532587e41000a514c4e57327b55910e335854c532587e41080a6aa8482f8e9ac316d16c4784d21d354c9213904a0a95210154439248700284f418c2bb5da2a88f19a42a6a99243720840535542415cf1de536d16c4784d21d354c9213904a0a92aa120feb87669faf49dfbf79cb6c99e8bd714324d951c9243009aaa12376e5cf5bfffd8a320c6738a98822887e41000a516c46ddbd28af7ff7bcf699becb9784d21d354c9213904a0a9da47418cddaebf78efbfda5c0f13afd9115b532587e41080a6aaad82b86d5b5ab7624efabf19ffd966312c44bc27de6bc441532587e41080a6aa1d230b461c14443924870028a1209632b2f057230e0a9ba64a0ec921004d55161d2d868550d8345572480e0168aa84822887e410000aa2822887e490a60a4041149a2aa1a902d054094d95904340af94523a74e9d2a58d2fbef8e2fc891327fe7cdb6db7ed18387060baeebaeb527d7dfd9fc3860ddb7ef7dd77af9c3469d2cb59fc9ba64a288872480e759fbababa136b6a6a6ecd8ed1af65b1228bcd71bcce626b16abb2d7a666bfde19ef53e1a08ccdd4942953fe316edcb81db7df7e7b7af6d967d3a2458bd2dab56bd3d6ad5b53885f9b9b9bd3471f7d94b2a62b8d1831e2cf912347ae1e3264c8604d955010e5901c2a9febafbffe9a2c6665b17d5713554acccdde5fafe24117ca9aa786071f7c70db5d77dd95374c3b77ee4ca5fae4934fd2e8d1a3773636362eefdfbfffe99a2aa120ca2139d475b2c6a84fd618cd684723b5b758d8938ed75029a353074d9b366dced0a143d3f4e9d3dbd54cb53663c68cd4d0d0b0a5a78c5a29880aa21c924395a6a6a6e6badadada9f8a1ba4bababa3461c2843467ce9cf4cd37dfa45f7ef9253f26fff6db6ff94cc37befbd97264f9e9c6eb8e186d68dd566a356d0890dd5bc79f33e1c3e7c78fae28b2f526758bd7a75ca1ab42d83070fbe455325345572480e756a437555d604ed2c6ea65e7ef9e57c494629366edc98bf3fbeaeb8b9cabee7601511f6538c50454355ea07b254f1fd860c1952f567400aa2822887e450258d50153754a3468dca47a53a22be2e967ab46aac8c584147c51aaa98f2ebac11aabd8d580d18306063f641edaba9129a2a21873a2ed650154ff9dd7ffffd2d537c1d155383e3c78f6f3d15d8577584768aabfcc68e1dbb3dd65075a5b7de7a6b4b5d5ddd079a2aa1a91272a8e3b286aaa978846a7f1baae2c6aad588d5421512da69ead4a9afc407e9f7df7f4f5dede69b6f5e5fadc3ca0aa2822887e450778b6d138ad7507574caefafa6028bd758990684768e52c53e54b16d42392c59b2647bb58e5629880aa21c924315d054cd2a343cb1c8bc2bbcfaeaab46aba02362a7f4589cbe3f5b27b4574343c3fa5813504907a92cfe5d415410e5901caae41c8a1dd00b8bd36334e9c71f7fec9263745c15d86abb853eaa2594206e3df3dc73cfa5729a3c79f227718b844af919140d73cfaaa9a9b940415410e5901caac41cda75eb99fc7d0f3ffc70571fa78b9baa3b554b2841dccb2f6e3d534eefbffffeeaec433abdd20e6645f1afbd9d312a880aa21c9243dd9943bbeee597bf3e6fdebc2e3d4ec706a1457f97e9aa2594206e8ebc6eddbab23655ebd7af6fce3ea46b2af860d672c6587c5053101544392487ba338776dd1c397fbeb317a8b7163baf17fd3dd6a8965082810307b6dc1cb95ce2cf8bbba557fac1acf88c3186e3154405510ec9a1eecca12cb6147edf59db28fcd5f60a457ff656d5124afc207787fdbcf167b7443514c4254b96b4fb6b366dda94162c58d0e6ebb171ebb265cbf2c7b1396c34c5f178f9f2e5ddfa6f954372a837e65021ca7d9c562da10437de78e39fe51ea9dab265cbfa2a19a95a1cf7d6baf8e28b0faa86a99b0f3ffc301d7becb1e9f3cf3f4fd9ffeb1eb170e1c2fc7d71061a57f714228ae161871d9617bbe2e7e37df1fea79f7e3add72cb2df9e3134f3c319f1688c7871e7aa85106392487ca9843b1cbb9912aa860c3870fdf5eee3555df7df7dde715bea66ab7425850e905f1ca2baf4ccf3cf34c9a3d7b767ae28927d219679c91de7efbedd8c93e1d7df4d12da324e3c68d4b471d75543af5d4535be2e4934fdeedf7f1fa030f3c90befaeaabfc161871f9f6aa55abf65a107ffae9a7f4edb7df2a88159a437dfbf64d279c70429b11afcba1eac8216baaa0c2dd7befbd2bca7df5dfcc9933dfaed0abff3e88dd8a5b17c26a68aa5e7ffdf574fef9e7a7d8c4f5f8e38fcf0be105175c90bf3663c68c74e69967b6bc370ae27df7ddb7dbd79f74d249bbfd3e8a61c425975c9217be830f3e385d7df5d57b14c4cd9b37a7cb2fbf3cdd74d34d0a6285e6505cc5357ffefc36235e9743d59143aefe830af7c8238f3c57ee7daab2b3d6b72a6c9faabd8e2a54535375e18517a6d34e3b2d1f7988dd90e7ce9d9b0e39e49018154cd9bf2d5d7ae9a5f9cd52634420d6b14c9a34290d1e3cb8250e3cf0c0dd7e3f71e2c4f4d9679fed75eae6aaabae4ab7de7a6bfefdfbf7ef9faeb8e28a7caaa7971744392487ba3c87ec530515ee9e7bee392d3bb8fd51c61dd5b7d6d6d67e558d3bf496bb208e1831220d1830609f11c5aab9b9392f7251a0e26b63ba26fb2ba7c71e7b2c1f718891851815881d98e3f5d1a347e7df3fa679226214a1f078e4c891f94d550b7f8f2888f1e77cf0c10779417cf3cd37d3e2c58bf3afe9d7af5ffaf5d75fdd62a44273a83d21872a5feca89e1d3b77946347f5fafafa3feda80e1d306ad4a82fcb75efbf993367be5cadf7922a77417ce18517d2534f3db5cf78fef9e7f3e99958283c61c2847c34219e8f83614cd9c49559312a70e79d77b67cef2888679f7d76bae69a6bf238e080035a1e9f73ce392d0531d6d59c7beeb9e988238ec8471e5a4fdd14aee25210abbfa99243d5c1bdffa0c20d1a34a8ff1d77dcb1a30ca3551b6b6b6b3faed6bb9e5772418c33ffb887e3e38f3f9e17c7a14387a6575e79252f7c71608c2bbae28284e282186b62e232f7889886293c1e33664c4b418cc771d5d7beaedceaed533772480e95b1a9baa6d0f0c46855672f588fef971da7ff2cda7cb45e9584766a6c6c5c3a7dfaf42eeda862fd569cf5ec6bdd8982d8fe88e99358033376ecd8346ad4a874cc31c7e497c57ff9e597f908424cb114bf3f0a625ca175d14517e511ef293c8e7535ada76e5a17c4289c858218576d9d72ca290aa21c924365921d47e7169a9ef8bfeaaced15621b85ec047b67f12855b51eafa1bb3fa47d1a1a1ab6c43e335d61e9d2a5d3b23f635d76d6d3b75a7f46955c102fbbecb27c2171ac8989b52bd75e7b6d7e155714b758147cdc71c7e54571c3860df9fba74c9992a64e9d9ad6ac5993478c32141e4f9b362dbdf6da6b7b2d88315a11dfe7acb3ceca0b628c5cc4da9bc255620a6265e5507d7d7d3afdf4d3f71983060d92435576bccee2fb42f3135b56ec6f63150dd5f8f1e38bd7516daee6e33574bbec005cd7d8d8f85b2c58ed4cd959e8bbb5b5b55f57fb307235ec869d35aff97e422fbdf4523af2c823f30219cfc7fe40e79d775e7e79fbdebeaead4d181f7df4d1d4a74f9f7c8d4d8c5ac468c4b061c3d20f3ffc9017e0d89be8f0c30f4f0f3df4908258813914ff67d118ed2b56ac582187aa4c4d4dcd758545eb8511ab8e4e05c6d7b51aa132ed079da1aeaeae61c890219b3b6bc42a46a8a2a1ca0e00a3abfd67532df76dfbf8e38ff3cbde632aa7f8f938938ddb85eced6b6231f1de9e8f3dcc62ad4de1eaacf8de85d7b66ddb964fe1c4f49045c672480e75cb88d5c0e2c62ad658c5e2f5589f56ea557eb128bd780d55444f385e43459d01d5d7d7fffcc61b6ffcba1f8bd7376667a87f8f29bff8e0f7849f8b9be1ba19ae1c92439578bcce6263715314cd55ec63151b84c62854616a30a6f8623d5b6cecf9e4934fc605047fb4dac57d734f395e43a59d01f5c9ce5e66373636aecfce2cb7b4671faa77de79e7d5ac295b1c8b1c7bd29cbc82a820ca213954a9c7ebe2ad163a180bada182aeffb0f68be66ae0c081cd13274e5cf6eebbef7e9d9de9ac2bdc84396e8e1cf7f26b6a6afae7983163fe959d21ad8c0f679cedf4b4ab46144405510ec9a14a3f5eef6aae76b4a799ea89c76ba868b1936ff661bd7dd7bda756c55dcb0b772f8f9b6dc6bda1e256063d79e75d055141944372c8f11a40415410e590e8254d158082283455420e0168aa84822887e410000aa2822887e410000aa282288784a60a4041149a2a2187003455424194437208000551419443720800055141d454094d1580a64a68aa841c02d0540905510ec92100144405510e094d158082283455425305a0a9129a2aff7772080005514194437208000551419443425305a0200a4d959043009a2aa120ca2139048082a820ca2139048082a820ca21a1a902501085a64ac821801e68f6ecd90a51e5c4d6ac20ee9043a2b7e510408fb060c18275cdcdcd8a5105c4dab56bff272b88cbe590e86d3904d023cc9933e73fe6cd9bb769c3860d5b14a5ee1b5d8862d8d4d4f47516fde490e86d3904d0636407e1abb2b3dbc5316d10eb3144d9237eeecbabb918ca213904000000000000000000000000000000000000000050b2ff0757a3c46fb870b1510000000049454e44ae426082, '1'), ('31', '1', '费用申请.bpmn20.xml', '30', 0x3c3f786d6c2076657273696f6e3d22312e302220656e636f64696e673d225554462d38223f3e0a3c646566696e6974696f6e7320786d6c6e733d22687474703a2f2f7777772e6f6d672e6f72672f737065632f42504d4e2f32303130303532342f4d4f44454c2220786d6c6e733a7873693d22687474703a2f2f7777772e77332e6f72672f323030312f584d4c536368656d612d696e7374616e63652220786d6c6e733a7873643d22687474703a2f2f7777772e77332e6f72672f323030312f584d4c536368656d612220786d6c6e733a61637469766974693d22687474703a2f2f61637469766974692e6f72672f62706d6e2220786d6c6e733a62706d6e64693d22687474703a2f2f7777772e6f6d672e6f72672f737065632f42504d4e2f32303130303532342f44492220786d6c6e733a6f6d6764633d22687474703a2f2f7777772e6f6d672e6f72672f737065632f44442f32303130303532342f44432220786d6c6e733a6f6d6764693d22687474703a2f2f7777772e6f6d672e6f72672f737065632f44442f32303130303532342f44492220747970654c616e67756167653d22687474703a2f2f7777772e77332e6f72672f323030312f584d4c536368656d61222065787072657373696f6e4c616e67756167653d22687474703a2f2f7777772e77332e6f72672f313939392f585061746822207461726765744e616d6573706163653d22687474703a2f2f7777772e61637469766974692e6f72672f70726f63657373646566223e0a20203c70726f636573732069643d22667973712220697345786563757461626c653d2274727565223e0a202020203c73746172744576656e742069643d227369642d33303441393432442d433833462d344533332d393735372d45423832394530344533443622206e616d653d22e6b581e7a88be5bc80e5a78b223e3c2f73746172744576656e743e0a202020203c757365725461736b2069643d227369642d39334543384437302d394132352d344541372d423836312d32394539363339453242353222206e616d653d22e4b8bbe7aea1e5aea1e689b9223e3c2f757365725461736b3e0a202020203c73657175656e6365466c6f772069643d227369642d38324436463533342d454244342d343542392d414236342d3041373431314343443246382220736f757263655265663d227369642d33303441393432442d433833462d344533332d393735372d45423832394530344533443622207461726765745265663d227369642d39334543384437302d394132352d344541372d423836312d323945393633394532423532223e3c2f73657175656e6365466c6f773e0a202020203c757365725461736b2069643d227369642d36313346383932372d383034462d343831322d393041322d41343834353634333331353522206e616d653d22e680bbe79b91e5aea1e689b9223e3c2f757365725461736b3e0a202020203c73657175656e6365466c6f772069643d227369642d41333243353732332d303333372d343131382d424631332d4135334134353546384438332220736f757263655265663d227369642d39334543384437302d394132352d344541372d423836312d32394539363339453242353222207461726765745265663d227369642d36313346383932372d383034462d343831322d393041322d413438343536343333313535223e3c2f73657175656e6365466c6f773e0a202020203c757365725461736b2069643d227369642d43304441383745442d393632352d344539452d414142322d41394433304343313538374522206e616d653d22e8b4a2e58aa1e5aea1e689b9223e3c2f757365725461736b3e0a202020203c73657175656e6365466c6f772069643d227369642d45393344443444312d384645352d344541422d413736332d3246344444453130333332322220736f757263655265663d227369642d36313346383932372d383034462d343831322d393041322d41343834353634333331353522207461726765745265663d227369642d43304441383745442d393632352d344539452d414142322d413944333043433135383745223e3c2f73657175656e6365466c6f773e0a202020203c656e644576656e742069643d227369642d36313131373931322d433542302d344436362d423643372d39374537363043453530434122206e616d653d22e6b581e7a88be7bb93e69d9f223e3c2f656e644576656e743e0a202020203c73657175656e6365466c6f772069643d227369642d42363241314142372d423039372d343031332d384637302d4542443641344438444132392220736f757263655265663d227369642d43304441383745442d393632352d344539452d414142322d41394433304343313538374522207461726765745265663d227369642d36313131373931322d433542302d344436362d423643372d393745373630434535304341223e3c2f73657175656e6365466c6f773e0a20203c2f70726f636573733e0a20203c62706d6e64693a42504d4e4469616772616d2069643d2242504d4e4469616772616d5f66797371223e0a202020203c62706d6e64693a42504d4e506c616e652062706d6e456c656d656e743d2266797371222069643d2242504d4e506c616e655f66797371223e0a2020202020203c62706d6e64693a42504d4e53686170652062706d6e456c656d656e743d227369642d33303441393432442d433833462d344533332d393735372d454238323945303445334436222069643d2242504d4e53686170655f7369642d33303441393432442d433833462d344533332d393735372d454238323945303445334436223e0a20202020202020203c6f6d6764633a426f756e6473206865696768743d2233302e30222077696474683d2233302e302220783d223135312e352220793d223133362e30223e3c2f6f6d6764633a426f756e64733e0a2020202020203c2f62706d6e64693a42504d4e53686170653e0a2020202020203c62706d6e64693a42504d4e53686170652062706d6e456c656d656e743d227369642d39334543384437302d394132352d344541372d423836312d323945393633394532423532222069643d2242504d4e53686170655f7369642d39334543384437302d394132352d344541372d423836312d323945393633394532423532223e0a20202020202020203c6f6d6764633a426f756e6473206865696768743d2238302e30222077696474683d223130302e302220783d223232362e352220793d223131312e30223e3c2f6f6d6764633a426f756e64733e0a2020202020203c2f62706d6e64693a42504d4e53686170653e0a2020202020203c62706d6e64693a42504d4e53686170652062706d6e456c656d656e743d227369642d36313346383932372d383034462d343831322d393041322d413438343536343333313535222069643d2242504d4e53686170655f7369642d36313346383932372d383034462d343831322d393041322d413438343536343333313535223e0a20202020202020203c6f6d6764633a426f756e6473206865696768743d2238302e30222077696474683d223130302e302220783d223337312e352220793d223131312e30223e3c2f6f6d6764633a426f756e64733e0a2020202020203c2f62706d6e64693a42504d4e53686170653e0a2020202020203c62706d6e64693a42504d4e53686170652062706d6e456c656d656e743d227369642d43304441383745442d393632352d344539452d414142322d413944333043433135383745222069643d2242504d4e53686170655f7369642d43304441383745442d393632352d344539452d414142322d413944333043433135383745223e0a20202020202020203c6f6d6764633a426f756e6473206865696768743d2238302e30222077696474683d223130302e302220783d223531362e352220793d223131312e30223e3c2f6f6d6764633a426f756e64733e0a2020202020203c2f62706d6e64693a42504d4e53686170653e0a2020202020203c62706d6e64693a42504d4e53686170652062706d6e456c656d656e743d227369642d36313131373931322d433542302d344436362d423643372d393745373630434535304341222069643d2242504d4e53686170655f7369642d36313131373931322d433542302d344436362d423643372d393745373630434535304341223e0a20202020202020203c6f6d6764633a426f756e6473206865696768743d2232382e30222077696474683d2232382e302220783d223636312e352220793d223133372e30223e3c2f6f6d6764633a426f756e64733e0a2020202020203c2f62706d6e64693a42504d4e53686170653e0a2020202020203c62706d6e64693a42504d4e456467652062706d6e456c656d656e743d227369642d45393344443444312d384645352d344541422d413736332d324634444445313033333232222069643d2242504d4e456467655f7369642d45393344443444312d384645352d344541422d413736332d324634444445313033333232223e0a20202020202020203c6f6d6764693a776179706f696e7420783d223437312e352220793d223135312e30223e3c2f6f6d6764693a776179706f696e743e0a20202020202020203c6f6d6764693a776179706f696e7420783d223531362e352220793d223135312e30223e3c2f6f6d6764693a776179706f696e743e0a2020202020203c2f62706d6e64693a42504d4e456467653e0a2020202020203c62706d6e64693a42504d4e456467652062706d6e456c656d656e743d227369642d38324436463533342d454244342d343542392d414236342d304137343131434344324638222069643d2242504d4e456467655f7369642d38324436463533342d454244342d343542392d414236342d304137343131434344324638223e0a20202020202020203c6f6d6764693a776179706f696e7420783d223138312e352220793d223135312e30223e3c2f6f6d6764693a776179706f696e743e0a20202020202020203c6f6d6764693a776179706f696e7420783d223232362e352220793d223135312e30223e3c2f6f6d6764693a776179706f696e743e0a2020202020203c2f62706d6e64693a42504d4e456467653e0a2020202020203c62706d6e64693a42504d4e456467652062706d6e456c656d656e743d227369642d41333243353732332d303333372d343131382d424631332d413533413435354638443833222069643d2242504d4e456467655f7369642d41333243353732332d303333372d343131382d424631332d413533413435354638443833223e0a20202020202020203c6f6d6764693a776179706f696e7420783d223332362e352220793d223135312e30223e3c2f6f6d6764693a776179706f696e743e0a20202020202020203c6f6d6764693a776179706f696e7420783d223337312e352220793d223135312e30223e3c2f6f6d6764693a776179706f696e743e0a2020202020203c2f62706d6e64693a42504d4e456467653e0a2020202020203c62706d6e64693a42504d4e456467652062706d6e456c656d656e743d227369642d42363241314142372d423039372d343031332d384637302d454244364134443844413239222069643d2242504d4e456467655f7369642d42363241314142372d423039372d343031332d384637302d454244364134443844413239223e0a20202020202020203c6f6d6764693a776179706f696e7420783d223631362e352220793d223135312e30223e3c2f6f6d6764693a776179706f696e743e0a20202020202020203c6f6d6764693a776179706f696e7420783d223636312e352220793d223135312e30223e3c2f6f6d6764693a776179706f696e743e0a2020202020203c2f62706d6e64693a42504d4e456467653e0a202020203c2f62706d6e64693a42504d4e506c616e653e0a20203c2f62706d6e64693a42504d4e4469616772616d3e0a3c2f646566696e6974696f6e733e, '0'), ('32', '1', '费用申请.fysq.png', '30', 0x89504e470d0a1a0a0000000d49484452000002bb000000c908060000002316fa610000142d4944415478daeddd0b909df3f907f02a5a745a97719b565b759952c65d4b4bc7a51845d122242beb9e469249a43125fe21424a48da29716999123a15350419b75c3691101145104d090922f69f0b41f86f10fdfddfe71de7ccd993dd48d8ec3967f7f39979664fce39394bf6bbe779cefbfedef7fdca5700000000000000000000000000000000000000000000000000000000000000000000000000000000000000000000000000000000000000000000000000000000000000000000000000000000000000000000000000000000000000000000000000000000000000000000000000000000000000000000000000000000000000000000000000000000000000000000000000000000000000000000000000000000000000000000000000000000000000000000000000000000000000000000000000000000000000000000000000000000000000000000000000000000000000000000000000000000000000000000000000000000000000000000000000000000000000000000000000000000000000000000000000000000000000000000000000000000000000000000000000a0634b29ad3777eedcbba64f9ffee9c48913d3f8f1e3553bd7840913d294295396645527434a8664488600da503498a953a7a6458b16a58f3efa4855a8162f5e9c1e7df4d1f7b28673820c2919523204d046624b8a0653358de6a3f1e3c7cf962125434a8600da48ec32f4065f3d9535994f6448c99092218036126bb5bcb95755934932a46448c910403b37990fde6d4c739fba25bd3861485e713beed3183419199221199221809a6e32cb962e48b31e19949e7be0fc6615f7c5639a834145866448866408a0669bccfc17ef5fa9c114eacd17c76a0e061519922119922180da6d32b3270d6bb5c9c4639a834145866448866408a0669bccacf1835b6d32f198e6605091211992211902d064944145866448866408a0da9a4c1cf5dc5a9389c73407838a0cc9900cc91040cd3699398f8f6cb5c9c4639a834145866448866408a0669bccdb0b9e4fb3c65db2f2aec3ecbe784c7330a8c8900cc9900c01d46c93899af7afdb566a32719fc6a0c9c8900cc9900c01d4769359be3ccd9976c3cabb0eb3fbe231cdc1a02243322443320450934d26ae4cf4f2e3d7b6ba562e1e73f522838a0cc9900cc910406d3599e5cb53e39c86f4c2c3035b6d30858ae7c4736d5d31a8c8900cc9900c01547d93f9bcad28b6ae68323224433224430035db6456672bcaaab6ae6816061519922119922180aa6d325fb4c1144ab330a8c8900cc9900c01546d93519a8c0cc9900cc9108061576932322443322443009a8c32a8281992211902d0643419838a92212543405b19376edca137de78e398cb2ebbacb14f9f3e1fd7d7d7fff7e4934f4ea79e7a6aead5abd72743860c593472e4c8071a1a1a8e30ec2a4d468664488664a87675ebd66d9b2e5dbaf4cefafc5d59cdc96a59f4fcac9ab29a973d3626fb3a209e6742a2e68d183162c0a0418396f6ebd72ffde52f7f49d3a74f4f0b162c484d4d4d29c4d7458b16a5a79f7e3a8d1a352ac5f32ebae8a2f7870d1b36c4b0ab34191992211992a1da71ca29a71c97d5f86c905dfed970bb3a3529fb3b7526266aced5575fbddb85175eb860c08001ff8d4176c58a156975cd9c39330d1c3830657f77f1f0e1c3f735ec2a4d468664488664a87a6503ebb6593db406036e4b35f5c4134fdcc10445ad0cba97f4e8d1e3d3b163c7aed1905beee1871f4ef13ad9c03bd4b0ab34191992211992a1ead3a54b976c4e3d7971e9e0daad5bb774c51557a4868686f4c61b6fa4f7df7f3fefeb1f7ef861be77f7f1c71f4f7ffad39ff2a58c6503ef325b79a97a37de78e3fff4eeddfbbf2fbffc726a0bafbdf65a8ad71b3162c435865d6550912119922119aaaa41f7e86c40fda474c8fdfbdfff9e2f4f5c1d4b972ecd9f1f7faf74e8cd06deb34c5454a5418306f5cf06d34f5737e4ab2b5e2f5e77f0e0c11718769541c5cf4e86644886aa668b6e71d0eddfbf7fbe15f78b88bf77fef9e7970fbcb6f0525dce39e79cedcf3efbec8fdb6a8b6e4b5b78e3f5b35fa6dd0dbbcaa0a264488664a8723e5ba35b5cba70c9259714972a7c51b1c461e8d0a1e54b1a7632615135faf5ebf772acd15d9b620d6f9f3e7d5e33ec2a838a92211992a1caf9ec8c0bc52dba5f76d02d1d78cbb6f04e35615115b201b4dbef7ef7bb151f7ffc715adbb25f8215d9f7eb69d855061525433224431519748f2b5da3fb45972eac6a4943e91a5ecb19a80ad9a7ba57e2f462ede1f9e79f4f7dfbf67dc3b0ab0c2a4a866448862abb55370e2e5b1beeb8e30e5b77a91e71f5939e3d7b7ef4654e31b6a6e20a6cb15ea8da7ef9b33a4093d164644886644875d40c45cf2f1c94165b5fdf7efbedb5d2e7e32c0d65a725dbd6c445c5f4ead56be04d37ddf4696a47f149321bb02fada67f8792dd2de3bb74e9b29f26a3c9c8900cc990ea6819faec12c0f973aebaeaaab5daebe33cbc25c3ee00131715d3b76fdf27e212c0ed29964cf4e9d3e75fd5f80651520f957f3ad66434191992211952b59ca1eccf77151e9b3c79f25aedf571e18992ff8eb1262e2ae68c33ce58d8d8d8d8aec36e9c77b7bebefe9d2a7f83287e3a2ebc5168329a8c0cc9900ca95ace50767b4ee1beb63e30ad5c5c69ade4bf61be898b8aa9ababfba8a9a9a95d87ddf87e5dbb76fda416de204a3f1d6b329a8c0cc9900ca91acfd08ac2edb63addd8aa4e4356f27d9b4c5c54f417a31256e317b2eaaad24d26de385e78e185561f5fbe7c79bae79e7bd292254b8af72d5cb830dd7ffffdab7cdd77df7d374d9932a5d5c7e382202fbef8627e3b2e3a121f56e2f6ecd9b32bde646468f52a7e66cf3df75cb3fb9e79e6993c332d3d7fd6ac597976e2f6b3cf3e9b62ef8f0c791f6aa9de7cf3cd346fdebc95ee8ff3aa177eceab5332d4fed5debddec44525b7ec2eafd096dd8f6be4d3f05371edf0830e3a68bd4a3799f8fe9b6fbe797aebadb75a7cfca28b2e4a9b6eba69fae73fff99eebefbeed4d0d090ce3aebacb4f7de7be77f8e7af0c107f3a1398e942d5434980d37dc306f20a5f7c7f3e275afbbeebad4ab57affcf636db6c93ef9a8adb1b6cb0812d2a3592a1975e7a296db1c51669c68c19c50176e38d374efffef7bf9b3daf77efdef9d7134f3c31ff9014c3f00f7ff8c3346edcb8953e78c950e7c850aceb3cfcf0c38bf59bdffca6d9e37ffef39ff38b0894de77fdf5d7a76f7ef39b69cc9831e981071e6856afbcf28a0c5530437155335b76e9744e3ffdf4c64aacd9eddebdfb922a7f83283697c273dabbc9445388c1b5b4b6dd76db3468d0a066f7c5168fd1a347a76f7deb5be9e73fff79da7ffffdd3e0c183d349279d94dff7939ffc2465ff1ff97d7ffce31fd365975d960fc5db6db75db1bef7bdef35fb733c7ee9a597a6575f7d35bf8c649ca226b6deb4d464de79e79d7ceb8e26537d198a7af4d147d3f0e1c3d301071c908e3df6d8fcf65e7bed950e3cf0c0fc763c5e786efcdc4b87ddf87094fd67a7430f3db4587dfbf695a14e94a13befbc339d70c209f9c1464f3cf144da72cb2d5739ecce9c39331f7437da68a374eeb9e7c6c1c8791d7df4d17996fef18f7fe4cf93a1ca64c89a5d3aa5fafafab1d91bd88af61c76e36c0cd9f71d57a56f104fc4d5654a9b4ba59acc7df7dd977efce31f176b9f7df6c99b457c2dbdff91471e49471e79643e9cc416bc1d76d8216f4ab125efde7befcdffbd77db6db7e22eeb6832175f7c71b3eff5ddef7eb7d99fa3c1441d7cf0c17933597ffdf5d331c71cb3529359b66c593aecb0c352f6a14993a9c20c455d70c105794e7af4e8b152c5fdf1784bc36e6c95db638f3df261266e3ff6d86379c5856164a8f3642886dddffef6b7c525145b6fbd75aaababcbdf5fa2bef18d6fe45b6477de79e77c4941e4203e841f77dc71e9a8a38eca87d01870e3b97ffbdbdf8aaf2b4395c990b331d029c539f7468e1cf9767b0ebbd91bded26a3be75e4b5b50aa615029ad78438f6137be963f165be862ab6f0cc2bbecb24bfe3586de3df7dc33bfbdebaebba6ef7ffffbe99a6baec91bd2b061c3f2250e85faea57bfdaeccf575e7965711777f9eec3d84213bbbbbff6b5afe54351ecda8cdd8d9a4c75662886d9cb2fbfbcc5c7e2fed686ddf8b91e71c411f91e8618546ebffdf6e2f364a8f364a874d88de52c31ecce9d3b375f031e4b0f62d83de38c33f2f5b491a7c2401b172bd87df7ddf3e74736e2fceaa5af2b4395c990f3ecd229c5d554ce3cf3cca5ed7905b5b3cf3efbed5abc9a4a350fbba3468d4a175e78611a3870608b154d2ad6d1151a4e0c38b13b7ae2c48979c51693c2edf3ce3bafd96ec96832ddbb77cfb7164793892dc84f3df554fe7762f7e6071f7c60ad5c1567287ed6b11b39d6e99657dcdfdab09b7d082eaeaf7cf2c927f3ad6ed1bc4a5f57863a7e860ac36e362415b7ec161ecbdecbd3669b6d56fc598f1d3b36fdfef7bf4f3ffbd9cff221f8473ffa513e50c5cf7e934d36c9f3154bad060c18204315ecf9aea046a75457573769c68c19efb5c7a03b73e6cc65d9f79b5e8bff4e95185462ddda565b6d9557ac958b6137be16ee8bc70bcf8d03d262b774ec9a2aadd81a1207af950f40b1d525763546adb3ce3ac5dbb1ebbad0646217766c1d8e3578b195a57cf7e19a1c6d6d50a9dcb0bbd34e3be55bc27ef9cb5fe66b77e37654dc5f3aecc66ec7499326e55bd56eb8e186fc76a162d774e9d1f232d4b986ddc8cbd4a9538bc36e1c6cb6e38e3ba62baeb8a2f8b38e0fd6b1b636d67ac7d93c626f529cd9230e548ab32dc487a69b6fbe395fa225439513e7dc2d0ca1b101646db8e38e3b4a07dda9262daa21f8c7f5e8d1a3b13db6ee9e7beeb96f66dfafceb0dbb65b760bc36e6c398983d14a6bfbedb76f71d88df572b1eb312a7605166ec7816c852613b7ebebeb3ff72868bb0fab3743b13632d6d9de7aebadf980126b2be320d1782cd652c66052786e0c35b1e5edf8e38fcf3f54c5eee958c2f0eb5fff3abf3f1e97a1ce39eceeb7df7ef9e01ac36e6c798d2dbaf161baf400b5f81946bea2624fc07aebad977fa02adc17c36ae450862adff30b83686cdd6deb03d5e2f5e2754b2e685167d2a25ac23f79f4e8d1afadcd4177cc9831f3b3eff3f8aad6a369325f6ed88d2dbd31d89656ec0eecd7af5f9a366d5ab32613cf8ddd8d51b145a5703b86e3f2dd87e54d269a51a1c9c411d03ff8c10f34992acc507cbf1836e2fccc71906261a08d837e1e7ae8a17c88f8f6b7bf9de6cc99537cec965b6ec98fa88f2dc071df4f7ffad3fcefc7fde5c3ae0c75fc0cc5a90ee392f2b19e36d670c796c0f8507dd75d77b57aeab1a85872d0b56bd766f7fdea57bfca0f9a95a1cacb86d0498561b47ffffe6d761ab2d88a1f3fb7d2adbab5daf3e980623d4df6496cf17ffef39f656b63d09d376fde87f1fad9b0bb53adfe1bb5779389d3edc4c119858a012486ddf85a7a7f3caf30ecc6c168f1df595e711ab26bafbdb6f8da71cedd38c27efefcf979c51695c2edd8c5586864e54d26b6f2c5fab838e02d9a4c9cb62eb616c6561f4da6fa32145b64639d6df67b9d1fc058b8c044540c1e7ffdeb5ff3ddce714ab1351d7665a8736428b292bd6fe7ebbb6379419c0da1f4bf213e48972e8579efbdf7d2902143f23d03e5177c880f5eb1944186aaa3e767b5b83094c6fbc0971d7863d01d3a7468e9a0bbac967b3e1d54972e5d4eaeafafffdf850b172e6fcb41375e2f7bdd85b5be2ba3bd9b4c2cee8f73e47e5ec5f30ac36e1c14120da0bce26214a5c36e79b57662f6112346e44352bc81c569cd62cb4bcf9e3df3abb41d72c821f97931e37c9a7ff8c31f34992acc50acbb2d2c59d877df7df3612332135f632b586cb58b53d2c5d75ffce217f96ee61824bef39defa4af7ffdebf973e26bfc39ee8fc763698c0c759e0c9d76da69f9079ff879c569c4e23460f161287e9ef1e17add75d7cd07cd78ee6db7dd962f7388e714aed81707b14566e2dccef1fc557d2f196aff9e5f3858adb085f78b2e6988bf57b645d7f205aafad3de69ddbb776fcc3e912f698b4177eedcb94be2f5b25faa0b6afddfa6daaf49fffaebafe7970b8ee1a5bce2c0a26850adfdddd815d9d2fdb1fb328e7a2e1ce91c97982dbd3c71ec462c1cb1afc9547f8662576fe4241a53f963b155270e22fabc8ae7c950e7c9506cd56f692d6c5ccc260e588baf85fbe2cfe5ff7df1f38d35be9183d62e4f2d4395edf9a5036facb58da52af1335fddb32ec4c168a56b74a33a42cfa7136ce1cd3e912d19356ad4b35fe6a0b5d1a3473fd7b56bd785f1cbd411fe5daa7dd8ed6c65505132a464a86d7a7e564b4b87d5185ee3b4717110627c382e2c7188a50ab15e3acedc12e76d8f2dff65576c5bd6517a3e9d630befb6717a92fafafa57a64d9b366b4d86dc193366bc74e69967ce8a85e91d69bd8e26a3c9c8900cc990ea68c36e69cf6fe172c36b5253add1a5567f014e885f80bababa0583070f9e3669d2a467decc3435357d10836d7c6d6c6c9c9f0dc4cf5d79e59553bb77effe46043e3ed975b4233035194d468664488654471c76cb7b7ee9d286d519723b62cfa7138aabae64bf00fd3ebbaef6bcac9a3e0b797c9d1fd7bd8ecb0176e4aba468329a8c0cc9900ca98e3ceceaf9d0c969329a8c0cc9900ca9ce30ec02865da5c9c8900cc99032ec02865da5c9c8900cc9900c016832caa0a26448866408409351061525437e763204a0c9683232a46448c9108026a3c9c8900cc99032ec0268329a8c0cc9900c29c32e60d8559a8c0cc9900cc9108061571954940cc9900c016832caa0a264488664084093d1646448c9909221004d469391212543cab00ba0c9683232244332a40cbb806157693232244332244300865d6550f1b39321199221004d461954940cc9900c0168329a8c0c2919523204a0c9683232a46448c9108026a3c9c8900cc99032ec02865da5c9c8900cc9900ce98e40873171e2446feed5534d5993f94486940c291902682353a64c695cb4689137f82aa8050b168cce9acc6c195232a46408a08d3434341c3b79f2e477172e5cf87fdee82bb725251acc8409135ecfea04195232a46408a00d656f6c47679fe49f8a5d57b1564bb57bc5bffbec5a6e303224433224430000000000000000000000000000000000000000000000005013fe1f4abf368be87603e70000000049454e44ae426082, '1'), ('6', '1', '合同审批.bpmn20.xml', '5', 0x3c3f786d6c2076657273696f6e3d22312e302220656e636f64696e673d225554462d38223f3e0a3c646566696e6974696f6e7320786d6c6e733d22687474703a2f2f7777772e6f6d672e6f72672f737065632f42504d4e2f32303130303532342f4d4f44454c2220786d6c6e733a7873693d22687474703a2f2f7777772e77332e6f72672f323030312f584d4c536368656d612d696e7374616e63652220786d6c6e733a7873643d22687474703a2f2f7777772e77332e6f72672f323030312f584d4c536368656d612220786d6c6e733a61637469766974693d22687474703a2f2f61637469766974692e6f72672f62706d6e2220786d6c6e733a62706d6e64693d22687474703a2f2f7777772e6f6d672e6f72672f737065632f42504d4e2f32303130303532342f44492220786d6c6e733a6f6d6764633d22687474703a2f2f7777772e6f6d672e6f72672f737065632f44442f32303130303532342f44432220786d6c6e733a6f6d6764693d22687474703a2f2f7777772e6f6d672e6f72672f737065632f44442f32303130303532342f44492220747970654c616e67756167653d22687474703a2f2f7777772e77332e6f72672f323030312f584d4c536368656d61222065787072657373696f6e4c616e67756167653d22687474703a2f2f7777772e77332e6f72672f313939392f585061746822207461726765744e616d6573706163653d22687474703a2f2f7777772e61637469766974692e6f72672f70726f63657373646566223e0a20203c70726f636573732069643d22636f6e74726163742220697345786563757461626c653d2274727565223e0a202020203c73746172744576656e742069643d227369642d37343536363837412d413234392d343943452d424239422d353641323634373842354132223e3c2f73746172744576656e743e0a202020203c757365725461736b2069643d227369642d43433432433435352d443639302d343633342d394345412d38323230424143323841434322206e616d653d22e680bbe7bb8fe79086e5aea1e689b9223e3c2f757365725461736b3e0a202020203c73657175656e6365466c6f772069643d227369642d43324633304235422d414230312d343143422d384346382d3736323842333742454535322220736f757263655265663d227369642d37343536363837412d413234392d343943452d424239422d35364132363437384235413222207461726765745265663d227369642d43433432433435352d443639302d343633342d394345412d383232304241433238414343223e3c2f73657175656e6365466c6f773e0a202020203c656e644576656e742069643d227369642d45333939323335392d433343372d343937462d393941422d433531414231394637433637223e3c2f656e644576656e743e0a202020203c73657175656e6365466c6f772069643d227369642d41393442433042362d434234442d344236372d383130372d3142383731354131444642322220736f757263655265663d227369642d43433432433435352d443639302d343633342d394345412d38323230424143323841434322207461726765745265663d227369642d45333939323335392d433343372d343937462d393941422d433531414231394637433637223e3c2f73657175656e6365466c6f773e0a20203c2f70726f636573733e0a20203c62706d6e64693a42504d4e4469616772616d2069643d2242504d4e4469616772616d5f636f6e7472616374223e0a202020203c62706d6e64693a42504d4e506c616e652062706d6e456c656d656e743d22636f6e7472616374222069643d2242504d4e506c616e655f636f6e7472616374223e0a2020202020203c62706d6e64693a42504d4e53686170652062706d6e456c656d656e743d227369642d37343536363837412d413234392d343943452d424239422d353641323634373842354132222069643d2242504d4e53686170655f7369642d37343536363837412d413234392d343943452d424239422d353641323634373842354132223e0a20202020202020203c6f6d6764633a426f756e6473206865696768743d2233302e30222077696474683d2233302e302220783d223235392e302220793d223134352e30223e3c2f6f6d6764633a426f756e64733e0a2020202020203c2f62706d6e64693a42504d4e53686170653e0a2020202020203c62706d6e64693a42504d4e53686170652062706d6e456c656d656e743d227369642d43433432433435352d443639302d343633342d394345412d383232304241433238414343222069643d2242504d4e53686170655f7369642d43433432433435352d443639302d343633342d394345412d383232304241433238414343223e0a20202020202020203c6f6d6764633a426f756e6473206865696768743d2238302e30222077696474683d223130302e302220783d223333342e302220793d223132302e30223e3c2f6f6d6764633a426f756e64733e0a2020202020203c2f62706d6e64693a42504d4e53686170653e0a2020202020203c62706d6e64693a42504d4e53686170652062706d6e456c656d656e743d227369642d45333939323335392d433343372d343937462d393941422d433531414231394637433637222069643d2242504d4e53686170655f7369642d45333939323335392d433343372d343937462d393941422d433531414231394637433637223e0a20202020202020203c6f6d6764633a426f756e6473206865696768743d2232382e30222077696474683d2232382e302220783d223437392e302220793d223134362e30223e3c2f6f6d6764633a426f756e64733e0a2020202020203c2f62706d6e64693a42504d4e53686170653e0a2020202020203c62706d6e64693a42504d4e456467652062706d6e456c656d656e743d227369642d43324633304235422d414230312d343143422d384346382d373632384233374245453532222069643d2242504d4e456467655f7369642d43324633304235422d414230312d343143422d384346382d373632384233374245453532223e0a20202020202020203c6f6d6764693a776179706f696e7420783d223238392e302220793d223136302e30223e3c2f6f6d6764693a776179706f696e743e0a20202020202020203c6f6d6764693a776179706f696e7420783d223333342e302220793d223136302e30223e3c2f6f6d6764693a776179706f696e743e0a2020202020203c2f62706d6e64693a42504d4e456467653e0a2020202020203c62706d6e64693a42504d4e456467652062706d6e456c656d656e743d227369642d41393442433042362d434234442d344236372d383130372d314238373135413144464232222069643d2242504d4e456467655f7369642d41393442433042362d434234442d344236372d383130372d314238373135413144464232223e0a20202020202020203c6f6d6764693a776179706f696e7420783d223433342e302220793d223136302e30223e3c2f6f6d6764693a776179706f696e743e0a20202020202020203c6f6d6764693a776179706f696e7420783d223437392e302220793d223136302e30223e3c2f6f6d6764693a776179706f696e743e0a2020202020203c2f62706d6e64693a42504d4e456467653e0a202020203c2f62706d6e64693a42504d4e506c616e653e0a20203c2f62706d6e64693a42504d4e4469616772616d3e0a3c2f646566696e6974696f6e733e, '0'), ('7', '1', '合同审批.contract.png', '5', 0x89504e470d0a1a0a0000000d4948445200000205000000d20806000000da38b3b300000f934944415478daeddd078c5555bb06e0df1a353196d82b96444cec8925b1f7127b20a30c222261101ba046ec28a06009d1ff1ac518953f966b41442e2a5204c4cab580222a0a22223816549422e8bafbdbe170cf0c830e3073a63d4fb2c29973ce9c990c7beff5ee6fadbdf6bffe050000000000000000000000000000000000000000000000000000000000000000000000000000000000000000000000000000000000000000000000000000000000000000000000000000000000000000000000000000000000000000000000000000000000000000000000000000000000000000000000000000000000000000000000000000000000000000000000000000000000000000000000000000000000000000000000000000000000000000000000000000000000000000000000000000000000000000000000000000000000000000000000000000000000000000000000000000000000000000000000000034b894d2fa3366cc78f6edb7dffe73cc983169d4a8515a89dbe8d1a3d38409137ec85a7b5b24000d2602c1ebafbf9e2a2b2bd392254bb4066adf7fff7d1a3f7efc2f59406863ab04a041448540206834c160c9a851a3a6d92a0168103164a0436e3c2d0b054b6d9500348818d3d61937aa50906c950034ea50f0dbcf73d38c498fa6a9a36fcb5b3c8ee774e44201002d28142c983f277d3cf2a63479c435555a3c17afe9cc8502005a4828983df5c5950241a17d3375b8ce5c2800a0a5848269af0d58652888d774e64201002d24147c3caaf72a4341bca633170a00100a8402a1008096140ae26a83558582784d672e1400d04242c1f437fe6b95a1205ed3990b0500b49050f0e39c29e9e3576f5979e8207b2e5ed3990b0500b49050106de6fffe67a55010cfe9c88502005a522858bc384d7ff38195870eb2e7e2359db95000400b0805b162e1e76ffc7b95730ae235ab1a0a050034e750b078719a3b7d6cfae895eb5719080a2dde13ef5535100a006866a1e09faa03aa064201002d2414d4a63af07755039dbb5000403309056b1a080a4de72e1400d04c428126140020146842010042812614002014e88c850280962ca5b4d19429532a060f1e3cbe7ffffebf5c71c5154b3b76ec98ce3befbcd4be7dfbbf2eb9e4922537dc70c38c0103063c9eb5bd84024d285873e5e5e53b9595955d96ed5fcf666d7ad616c4be96b545599b99bd3634fbf7ea789fa31350d2303064c890fff4e9d36769f7eeddd3a04183d2db6fbf9de6cc9993162d5a9442fc5b595999de7befbd94858674e59557fed5a3478fafba74e9d25928d08482da3bfffcf3cfcedaa8ac2d591e026ad35ecbdedfded10aa85759e7dfa96fdfbe8bafb9e69abcc35fb66c59aaad0f3ffc30f5ead56b594545c5b4b66ddbee29146842c1aa651d7babac637f653582404dedf5e6b4af018da73ab0feb061c3c676edda350d1f3e7cb5c24075afbcf24aead4a9d3c2e65235100a8482ba565656765ebb76ed7e2aeee0cbcbcbd31d77dc91c68e1d9bbefefaebf4ebafbfe6fbd3efbfff9e57e9de78e38d3470e0c074c10517540f060b540d803a0d04e3c68d7bf7f2cb2f4f9f7ffe79aa0b5f7df555ca02c6c2ce9d3b5f2a146842419540707ad6892f2b0e038f3ffe783e1c571bf3e7cfcfdf1fdf571c0eb2cfecec6806acb5a8104420a8ed41a9b6e2f3ba74e9d2e4cf628402a1a02e2b04c581a067cf9e7955604dc4f7c5305fb560a06200acb99843104306755521a8a962d0a14387f9d9c1aab550a0b5e4501073088a870c6eb9e5961543046b2a8616faf5eb577d28a1b5231bb0dae22a83db6ebb6d49cc21a84f23468c58585e5efe9650a0b5e450900582d1c51582b50d04c5c1a05ac5e075473760b50d1d3af4893898fcf1c71fa9be75ebd66d5e532d6d0a0542c1da8acb0e8be710ace990c1df0d2514cf31308c00ac769520d62188cb0e4b61f2e4c94b9a6ab54028100aea20148c2a74d83149b03e3cf5d453aa05c09a89950a6372e1da5c7ab8ba3a75ea342fc6551bd3813a6b47080542417d6e43b102616172619ccdfff8e38ff5b27fc55509d52e576ce54807d44a2c5dfcf0c30fa7521a3870e087b14c6b63f91b14955a479595951d26140805f5b10d2d5fba387fdf9d77de59dffb587128b8da910ea895b897412c5d5c4a6fbef9e657d9816a78633ba017b5976b3aeb130a8482b5d98696dfcb207f7ddcb871f5ba8fc5024745bfcb70473aa056e2e64673e7ce2d692898376f5e6576a09add880fe82bcefa8a0fec428150b036dbd0f29b1be5cfd7f504c3ea62e5c3a2df63b6231d502b71b7c3c2cd8d4a257e5edcf1adb11fd08bcffaa2242c1408056bb30d656d61e1ebbaba0cf1ef2e4f2cfad98b1ce9805a1fcc1ac25adefca5415a29424104a6c993275779eefdf7df4f8b172f5ee9bd71c5c8c2850bebed77f9f9e79fd384091356f97a2c483575ead4fc712c7a15bf7b3c9e366d5a49424153dc860aadd4fb98231d502b175e78e15fa5ae14641dd9bc2652299814ebd31f73cc31eb976af8e0b3cf3e4b5b6fbd757af7dd77f3af3ff8e083b4d9669ba54f3ef9a4cafba2fcbce5965be61df375d75d978e38e2882aad6fdfbef9fbe2a654cf3cf34cde9e7beeb974fdf5d7a7534f3d75a53665ca94fcec3266ae175a04828d37de38eff08b9f8ff7c567df7ffffde9d24b2fcd1fefb4d34e79c93a1e6fb4d1462a05356c43b1caa04a01d0a85d7ef9e54b4a3da7e0db6fbffdac91cf29a812060aea3b148c1f3f3edd7df7dd79a77ed65967e58f0f3ae8a074e49147e68fe3f5c27b7bf4e8918781a820444088d0102d7ec7cd37df3cbf063ede174bdf1e77dc71f9e774efde3d9d70c209e9e9a79f4e4f3ef964fe733efae8a374f4d147e79fdda74f9fb4c5165ba4dd77df7d45db65975daa7c1dafdf7aebade9cb2fbfcc97e78d4beb66ce9c596328f8e9a79fd237df7cd35243c14adb90390540a377d34d374d2ff5d50723478e7ca9915e7df056ac38573d0c942a14f4ead52b1d72c821a9a2a262a516cfc7eb85f2fcaebbee9a66cc9891f6da6baf14a1ae50cedf73cf3dd395575e59e5731f7cf0c174f5d557e78f2314f4eedd3bdd7cf3cd69df7df74d8f3df6583ae0800356848278bef87b77de79e72a5f47208876ecb1c7e69dff061b6c90ce38e38c9542c182050bd289279e982ebae8a296160a56b90db9fa0068f4eebaebae874bbd4e41768639a291ad53506365a0214241a1ec5fbdc5f3855070e69967e625ffacf349315134e61544e7bedb6ebba5edb6db2e7f7efaf4e9ab0c05b1b04dfbf6edf3f7c7f351018850106163c08001a973e7ce2bdabaebae5be5ebfefdfbaf18caa83e7c70fae9a7a7cb2ebb2c6db8e186a96ddbb6e9a4934eca871b5a4828f8c76dc83a0540a377e38d37ee911dc8ff2ce18a868bdab56bf765535c65ad14a12056978c7904d55b3c5f08058f3efa683ae79c73d2f6db6f9f9e7ffef9b4c71e7be467e5efbcf34efaedb7dff28e7babadb64ad75e7b6d7e839cbdf7de3baf2c649d521e0a6219dc279e78221f3e88498d471d75d48aa189f81951691833664cdea21250781c4316f17985df374241870e1dd25b6fbd958782175f7c314d9a3429ff9e366ddae4bf8b658eff5fac68986df74b4bb1a26116fafeb2a221b0467af6ecf945a9ee7d3072e4c8c79bea7aeca50805ad5bb7cecfb84f3bedb4bcd38ec7d1e2f942288861831d77dc318d1d3b363f6bbfe79e7bf20eb9b83df2c823f1b7cec7f46fbffdf6d4a54b977c78214241cc3188f2ffb6db6e9b77de515d280e05fbefbf7f3afbecb3f3b6ce3aebac781cc30c855070efbdf7a6030f3c306dbae9a67908a93e7c50b8124128a8cabd0f8046efe28b2f6e7bd555572d2d41b5607ebb76edde7797c49a5b8ce9c7550031143062c488fc0cbfb2b2327f2d2606bef4d24bf9e338cb5c6fbdf5f26010812102c025975c924e39e5947c28201ec7597d4dc30731ac101303870d1b964f308ca010573cfcf0c30f2b4241cc2b884b0da3c55040e171cc45288482787ce18517fee3d5072d65f860354241bddf2531dbc7fe72974460ad5454544c193e7c78bd268298bf10672eff3476df1243417c765403e26a80fdf6db2f7fae6bd7aef9a4be975f7e39ef8477d86187bc538f4b04a3638ff7c4bf85350c860c1992ce3df7dc953e3b4241cc21886187a840647ffffc6a84b8a4311e478bd0510805112c0e3ffcf0bc45a5a0f0388629aa0f1f540f05111e0aa120aa14316f4128a82adb075e2b74da3d7bf6acb3cb13e332c42cdc2f2bae1234d57d0d68f80355ab4e9d3a2d8c0ea73e6467c0c3b29f31373b7369dd54ff46f5190aa2338fc9619f7efa696ad5aad58a858ca2c5c4c2871e7a28bf04f0f8e38f4f83060dcadf1f9582a82614c6ee6b0a05ddba75cb2f2b8cb50f2218140244cc4e3ff9e49357fa3de233860e1d9a66cf9e9db7a814141e4775e1d9679fad3114c4e7c750c43efbec938782b82222aa1d871d76985050c3be96b5ef0b9d77fcbfae6d308840d0af5fbfe279040b9af2be06340259a7515e5151f17b94aceb5276c638b15dbb76b39a7a29b33e43c1030f3cb062a8e0e0830fceab06871e7a68fe6f9c6d7ffbedb779871eff0e1e3c385f8c28cecc63fc38e60444db669b6df2ceb9f07516f2f2eac0c48913f370115587b884315a04854d36d964c5d7abeabc57b51051cc6388f012eb20c4f043541462d822862162ce42e1f3633e8350b0b2b2b2b2f30a930e0b1583351d4a88efab5621306c00d48df2f2f24e5dba745950571583a8104420c80e82bd9afadfa694f73e88d2fbac59b3f2037e5d7d669c4dc6d2c535b55f7ef9a5c6ef890985353d1f6b5bc484c642952296622ebc16e1258611bef8e20b130dffbe62d0b13818c41c83987c18f3306a7b954184c2e23904d19ac3be0634b2b398f6eddbfff2c20b2ffcb616930fe76767938fc690411cfc9ac3dfc50d91dc10a93ef6b5accd2feed4231cc43a06b1c05184c2c2d04284baa80ec5d0cf7df7dd17133dffacb68ae282e6b2af018def2ca655760632a6a2a2625e7616b87075d62178f5d5579fca42c5a498e8d49cc6358502a1a0bef6b5e24b15d7b0bd6e0e01508a03569b08071d3b76acecdfbfffd4891327cecace56e6166ea21437378a7b198c1e3dfa7f7af7eefd72769633230e5071c6d2dc663e0b0542417def6bcbc3c1d2d50903cd715f031ab9588d2d3b60755fbe7efbccb8f35ae10e6c71c395585f3d96536dceaba7090542817d0d00a140280000a140280000a140280000a140280000a140280000a140280000a140280000a140280000a140280000a140280000a140280000a140280000a140280000a140280000a140280000a140280000a140280000a140280000a140280000a140280000a140280080d21a33668cceb8f1b4455928586aab04a0414c9830616e6565a50eb911b43973e6fc77160aa6d92a01681063c78e3d6bdcb8713f7ff7dd770b75cc0d57218840307af4e859596b63ab04a0c1641dd1e9d919eaa4285dc798b656f2167ff769020100000000000000000000000000000000004003fa3fb30878cacd33c8880000000049454e44ae426082, '1');
COMMIT;


-- ----------------------------
--  Records of `ACT_GE_PROPERTY`
-- ----------------------------
BEGIN;
INSERT INTO `ACT_GE_PROPERTY` VALUES ('next.dbid', '5001', '3'), ('schema.history', 'create(5.22.0.0)', '1'), ('schema.version', '5.22.0.0', '1');
COMMIT;


-- ----------------------------
--  Records of `ACT_HI_ACTINST`
-- ----------------------------
BEGIN;
INSERT INTO `ACT_HI_ACTINST` VALUES ('17', 'leave:2:14', '15', '15', 'sid-6DA999C4-5AF5-477A-8E66-FD08DE734BE9', null, null, null, 'startEvent', null, '2019-05-23 11:37:52.648', '2019-05-23 11:37:52.825', '177', ''), ('20', 'leave:2:14', '15', '15', 'sid-45BC0F3A-5805-49C6-B923-5340A6F0C383', '21', null, '一级审批', 'userTask', '4363087427670016', '2019-05-23 11:37:52.826', null, null, ''), ('36', 'leave:2:14', '34', '34', 'sid-6DA999C4-5AF5-477A-8E66-FD08DE734BE9', null, null, null, 'startEvent', null, '2019-05-23 13:13:42.184', '2019-05-23 13:13:42.196', '12', ''), ('39', 'leave:2:14', '34', '34', 'sid-45BC0F3A-5805-49C6-B923-5340A6F0C383', '40', null, '一级审批', 'userTask', null, '2019-05-23 13:13:42.196', '2019-05-23 13:14:44.469', '62273', ''), ('44', 'leave:2:14', '34', '34', 'sid-642EE84D-4733-43F7-B47C-C1D1360B2EE3', '45', null, '二级审批', 'userTask', null, '2019-05-23 13:14:44.469', null, null, '');
COMMIT;


-- ----------------------------
--  Records of `ACT_HI_COMMENT`
-- ----------------------------
BEGIN;
INSERT INTO `ACT_HI_COMMENT` VALUES ('23', 'event', '2019-05-23 11:37:54.145', '682265633886208', '21', null, 'AddUserLink', '682265633886208_|_candidate', null), ('24', 'comment', '2019-05-23 11:39:25.246', null, '21', '15', 'AddComment', 'ssss', 0x73737373), ('26', 'event', '2019-05-23 11:39:26.677', null, '21', null, 'AddUserLink', '682265633886208_|_owner', null), ('42', 'event', '2019-05-23 13:13:42.654', '682265633886208', '40', null, 'AddUserLink', '682265633886208_|_candidate', null), ('43', 'comment', '2019-05-23 13:14:44.306', null, '40', '34', 'AddComment', 'ok', 0x6f6b), ('47', 'event', '2019-05-23 13:14:44.725', null, '45', null, 'AddUserLink', '682265633886208_|_candidate', null);
COMMIT;


-- ----------------------------
--  Records of `ACT_HI_DETAIL`
-- ----------------------------
BEGIN;
INSERT INTO `ACT_HI_DETAIL` VALUES ('19', 'VariableUpdate', '15', '15', null, '17', 'tableId', 'string', '0', '2019-05-23 11:37:52.648', null, null, null, '143829031890980864', null), ('38', 'VariableUpdate', '34', '34', null, '36', 'tableId', 'string', '0', '2019-05-23 13:13:42.184', null, null, null, '143852854564622336', null);
COMMIT;


-- ----------------------------
--  Records of `ACT_HI_IDENTITYLINK`
-- ----------------------------
BEGIN;
INSERT INTO `ACT_HI_IDENTITYLINK` VALUES ('143853486532988928', null, 'actualExecutor', '682265633886208', '40', '34'), ('16', null, 'starter', '682265633886208', null, '15'), ('22', null, 'candidate', '682265633886208', '21', null), ('25', null, 'participant', '4363087427670016', null, '15'), ('35', null, 'starter', '682265633886208', null, '34'), ('41', null, 'candidate', '682265633886208', '40', null), ('46', null, 'candidate', '682265633886208', '45', null);
COMMIT;


-- ----------------------------
--  Records of `ACT_HI_PROCINST`
-- ----------------------------
BEGIN;
INSERT INTO `ACT_HI_PROCINST` VALUES ('15', '15', '143829034684387365', 'leave:2:14', '2019-05-23 11:37:52.647', null, null, '682265633886208', 'sid-6DA999C4-5AF5-477A-8E66-FD08DE734BE9', null, null, null, '', '请假'), ('34', '34', '143852855000830067', 'leave:2:14', '2019-05-23 13:13:42.184', null, null, '682265633886208', 'sid-6DA999C4-5AF5-477A-8E66-FD08DE734BE9', null, null, null, '', '12');
COMMIT;


-- ----------------------------
--  Records of `ACT_HI_TASKINST`
-- ----------------------------
BEGIN;
INSERT INTO `ACT_HI_TASKINST` VALUES ('21', 'leave:2:14', 'sid-45BC0F3A-5805-49C6-B923-5340A6F0C383', '15', '15', '一级审批', null, null, '682265633886208', '4363087427670016', '2019-05-23 11:37:52.894', null, null, null, null, '1', null, null, null, ''), ('40', 'leave:2:14', 'sid-45BC0F3A-5805-49C6-B923-5340A6F0C383', '34', '34', '一级审批', null, null, null, null, '2019-05-23 13:13:42.208', null, '2019-05-23 13:14:44.428', '62220', 'completed', '0', null, null, null, ''), ('45', 'leave:2:14', 'sid-642EE84D-4733-43F7-B47C-C1D1360B2EE3', '34', '34', '二级审批', null, null, null, null, '2019-05-23 13:14:44.469', null, null, null, null, '0', null, null, null, '');
COMMIT;


-- ----------------------------
--  Records of `ACT_HI_VARINST`
-- ----------------------------
BEGIN;
INSERT INTO `ACT_HI_VARINST` VALUES ('18', '15', '15', null, 'tableId', 'string', '0', null, null, null, '143829031890980864', null, '2019-05-23 11:37:52.648', '2019-05-23 11:37:52.648'), ('37', '34', '34', null, 'tableId', 'string', '0', null, null, null, '143852854564622336', null, '2019-05-23 13:13:42.184', '2019-05-23 13:13:42.184');
COMMIT;


-- ----------------------------
--  Records of `ACT_RE_DEPLOYMENT`
-- ----------------------------
BEGIN;
INSERT INTO `ACT_RE_DEPLOYMENT` VALUES ('1', '请假.bpmn20', null, '', '2019-05-23 10:27:47.352'), ('11', '请假.bpmn20.xml', '80544250063753216', '', '2019-05-23 10:33:11.951'), ('2501', '费用申请', null, '', '2019-06-19 12:53:23.606'), ('30', '费用申请', null, '', '2019-05-23 11:57:20.231'), ('5', '合同审批.bpmn20', null, '', '2019-05-23 10:27:59.777');
COMMIT;


-- ----------------------------
--  Records of `ACT_RE_MODEL`
-- ----------------------------
BEGIN;
INSERT INTO `ACT_RE_MODEL` VALUES ('27', '4', '费用申请', 'fysq', null, '2019-05-23 11:46:29.669', '2019-05-23 11:57:08.543', '2', '{\"name\":\"费用申请\",\"description\":\"\",\"revision\":2}', null, '28', '29', ''), ('9', '2', '请假.bpmn20.xml', 'leave', null, '2019-05-23 10:33:03.394', '2019-05-23 10:33:03.496', '1', '{\"name\":\"请假.bpmn20\",\"revision\":1,\"description\":null}', null, '10', null, '');
COMMIT;


-- ----------------------------
--  Records of `ACT_RE_PROCDEF`
-- ----------------------------
BEGIN;
INSERT INTO `ACT_RE_PROCDEF` VALUES ('contract:1:8', '1', 'http://www.activiti.org/processdef', null, 'contract', '1', '5', '合同审批.bpmn20.xml', '合同审批.contract.png', null, '0', '1', '1', ''), ('fysq:1:33', '1', 'http://www.activiti.org/processdef', null, 'fysq', '1', '30', '费用申请.bpmn20.xml', '费用申请.fysq.png', null, '0', '1', '1', ''), ('fysq:2:2504', '1', 'http://www.activiti.org/processdef', null, 'fysq', '2', '2501', '费用申请.bpmn20.xml', '费用申请.fysq.png', null, '0', '1', '1', ''), ('leave:1:4', '1', 'http://www.activiti.org/processdef', null, 'leave', '1', '1', '请假.bpmn20.xml', '请假.leave.png', null, '0', '1', '1', ''), ('leave:2:14', '2', '80544250063753216', null, 'leave', '2', '11', '请假.bpmn20.xml.bpmn20.xml', '请假.bpmn20.xml.leave.png', null, '0', '1', '1', '');
COMMIT;


-- ----------------------------
--  Records of `ACT_RU_EXECUTION`
-- ----------------------------
BEGIN;
INSERT INTO `ACT_RU_EXECUTION` VALUES ('15', '2', '15', '143829034684387365', null, 'leave:2:14', null, 'sid-45BC0F3A-5805-49C6-B923-5340A6F0C383', '1', '0', '1', '0', '1', '2', '', '请假', null), ('34', '3', '34', '143852855000830067', null, 'leave:2:14', null, 'sid-642EE84D-4733-43F7-B47C-C1D1360B2EE3', '1', '0', '1', '0', '1', '2', '', '12', null);
COMMIT;


-- ----------------------------
--  Records of `ACT_RU_IDENTITYLINK`
-- ----------------------------
BEGIN;
INSERT INTO `ACT_RU_IDENTITYLINK` VALUES ('16', '1', null, 'starter', '682265633886208', null, '15', null), ('22', '1', null, 'candidate', '682265633886208', '21', null, null), ('25', '1', null, 'participant', '4363087427670016', null, '15', null), ('35', '1', null, 'starter', '682265633886208', null, '34', null), ('46', '1', null, 'candidate', '682265633886208', '45', null, null);
COMMIT;


-- ----------------------------
--  Records of `ACT_RU_TASK`
-- ----------------------------
BEGIN;
INSERT INTO `ACT_RU_TASK` VALUES ('21', '4', '15', '15', 'leave:2:14', '一级审批', null, null, 'sid-45BC0F3A-5805-49C6-B923-5340A6F0C383', '682265633886208', '4363087427670016', 'PENDING', '1', '2019-05-23 11:37:52.826', null, null, '1', '', null), ('45', '2', '34', '34', 'leave:2:14', '二级审批', null, null, 'sid-642EE84D-4733-43F7-B47C-C1D1360B2EE3', null, null, null, '0', '2019-05-23 13:14:44.469', null, null, '1', '', null);
COMMIT;


-- ----------------------------
--  Records of `ACT_RU_VARIABLE`
-- ----------------------------
BEGIN;
INSERT INTO `ACT_RU_VARIABLE` VALUES ('18', '1', 'string', 'tableId', '15', '15', null, null, null, null, '143829031890980864', null), ('37', '1', 'string', 'tableId', '34', '34', null, null, null, null, '143852854564622336', null);
COMMIT;


-- ----------------------------
--  Records of `t_act_business`
-- ----------------------------
BEGIN;
INSERT INTO `t_act_business` VALUES ('143829034684387365', 'admin', '2019-05-23 11:37:35', 'admin', '2019-05-23 11:37:55', 'leave:2:14', '15', '1', '1', '143829031890980864', '请假', '682265633886208', '2019-05-23 11:37:55', null, b'0'), ('143852855000830067', 'admin', '2019-05-23 13:12:14', 'admin', '2019-05-23 13:13:43', 'leave:2:14', '34', '1', '1', '143852854564622336', '12', '682265633886208', '2019-05-23 13:13:43', null, b'0');
COMMIT;


-- ----------------------------
--  Records of `t_act_category`
-- ----------------------------
BEGIN;
INSERT INTO `t_act_category` VALUES ('80540745236221952', 'admin', '2018-11-29 20:12:31', 'admin', '2018-11-29 22:28:09', b'1', '0', '1.00', '0', '人事相关', '0', b'0'), ('80544250063753216', 'admin', '2018-11-29 20:26:27', 'admin', '2018-11-29 22:27:45', b'0', '80540745236221952', '0.00', '0', '请假申请', '1', b'0'), ('80574743098429440', 'admin', '2018-11-29 22:27:37', 'admin', '2018-11-29 22:27:37', b'0', '80540745236221952', '0.00', '0', '报销申请', '1', b'0'), ('80574860496998400', 'admin', '2018-11-29 22:28:05', 'admin', '2018-11-29 22:29:03', b'1', '0', '0.00', '0', '工作审核', '0', b'0'), ('80575104039260160', 'admin', '2018-11-29 22:29:03', 'admin', '2018-11-29 22:29:03', b'0', '80574860496998400', '0.00', '0', '合同审批', '1', b'0'), ('80575163153780736', 'admin', '2018-11-29 22:29:17', 'admin', '2018-11-29 22:29:17', b'0', '80574860496998400', '0.00', '0', '订单审批', '1', b'0');
COMMIT;


-- ----------------------------
--  Records of `t_act_model`
-- ----------------------------
BEGIN;
INSERT INTO `t_act_model` VALUES ('27', 'admin', '2019-05-23 11:46:30', 'admin', '2019-05-23 11:57:09', '', 'fysq', '费用申请', '2', b'0'), ('9', 'admin', '2019-05-23 10:33:04', 'admin', '2019-05-23 10:33:04', null, 'leave', '请假.bpmn20.xml', '1', b'0');
COMMIT;


-- ----------------------------
--  Records of `t_act_node`
-- ----------------------------
BEGIN;
INSERT INTO `t_act_node` VALUES ('143812452901982208', 'admin', '2019-05-23 10:31:42', 'admin', '2019-05-23 10:31:42', 'sid-45BC0F3A-5805-49C6-B923-5340A6F0C383', '0', '496138616573952', b'1'), ('143812607386587136', 'admin', '2019-05-23 10:32:19', 'admin', '2019-05-23 10:32:19', 'sid-45BC0F3A-5805-49C6-B923-5340A6F0C383', '1', '682265633886208', b'0'), ('143812607474667520', 'admin', '2019-05-23 10:32:19', 'admin', '2019-05-23 10:32:19', 'sid-45BC0F3A-5805-49C6-B923-5340A6F0C383', '0', '496138616573952', b'0'), ('143812607600496640', 'admin', '2019-05-23 10:32:19', 'admin', '2019-05-23 10:32:19', 'sid-45BC0F3A-5805-49C6-B923-5340A6F0C383', '2', '40322777781112832', b'0'), ('143812661249839104', 'admin', '2019-05-23 10:32:31', 'admin', '2019-05-23 10:32:31', 'sid-642EE84D-4733-43F7-B47C-C1D1360B2EE3', '1', '682265633886208', b'0'), ('143812661367279616', 'admin', '2019-05-23 10:32:31', 'admin', '2019-05-23 10:32:31', 'sid-642EE84D-4733-43F7-B47C-C1D1360B2EE3', '0', '496138616573952', b'0'), ('143834095921664000', 'admin', '2019-05-23 11:57:42', 'admin', '2019-05-23 11:57:42', 'sid-93EC8D70-9A25-4EA7-B861-29E9639E2B52', '2', '40343262766043136', b'0'), ('143834183263850496', 'admin', '2019-05-23 11:58:03', 'admin', '2019-05-23 11:58:03', 'sid-613F8927-804F-4812-90A2-A48456433155', '1', '682265633886208', b'0'), ('143834219850764288', 'admin', '2019-05-23 11:58:11', 'admin', '2019-05-23 11:58:11', 'sid-C0DA87ED-9625-4E9E-AAB2-A9D30CC1587E', '0', '496138616573952', b'0');
COMMIT;


-- ----------------------------
--  Records of `t_act_process`
-- ----------------------------
BEGIN;
INSERT INTO `t_act_process` VALUES ('contract:1:8', 'admin', '2019-05-23 10:28:00', 'admin', '2019-05-23 10:28:00', null, '5', null, '合同审批.contract.png', b'1', '合同审批.bpmn20', 'contract', '1', '1', '合同审批.bpmn20.xml', null, null, b'0'), ('fysq:1:33', 'admin', '2019-05-23 11:57:21', 'admin', '2019-06-19 12:53:26', null, '30', '', '费用申请.fysq.png', b'0', '费用申请', 'fysq', '1', '1', '费用申请.bpmn20.xml', null, null, b'0'), ('fysq:2:2504', 'admin', '2019-06-19 12:53:26', 'admin', '2019-06-19 12:53:26', null, '2501', '', '费用申请.fysq.png', b'1', '费用申请', 'fysq', '1', '2', '费用申请.bpmn20.xml', null, null, b'0'), ('leave:1:4', 'admin', '2019-05-23 10:27:51', 'admin', '2019-05-23 10:33:13', null, '1', null, '请假.leave.png', b'0', '请假.bpmn20', 'leave', '1', '1', '请假.bpmn20.xml', null, null, b'0'), ('leave:2:14', 'admin', '2019-05-23 10:33:13', 'admin', '2019-05-23 10:33:44', '80544250063753216', '11', '', '请假.bpmn20.xml.leave.png', b'1', '请假.bpmn20.xml', 'leave', '1', '2', '请假.bpmn20.xml.bpmn20.xml', 't_leave', 'leave', b'0');
COMMIT;


-- ----------------------------
--  Records of `t_dict`
-- ----------------------------
BEGIN;
INSERT INTO `t_dict` VALUES ('181952811699802112', 'admin', '2019-09-05 16:27:52', 'admin', '2019-09-18 13:49:08', '限制打开的平台，多个平台以逗号隔开，勾选代表仅限该平台打开', '投放平台', 'platform_limit', '8.00', b'0'), ('222107238557376512', 'timmy', '2019-12-25 11:47:13', 'timmy', '2019-12-25 11:47:13', '', '名单校验接口', 'name_validation_api', '0.00', b'0'), ('255487073304272896', 'admin', '2020-03-26 14:26:46', 'admin', '2020-03-26 14:26:46', '', '短信签名', 'smsSignature', '0.00', b'0'), ('75135930788220928', 'admin', '2018-11-14 22:15:43', 'admin', '2018-11-27 01:39:06', '', '性别', 'sex', '0.00', b'0'), ('75383353938808832', 'admin', '2018-11-15 14:38:53', 'admin', '2018-11-27 01:39:15', '', '消息类型', 'message_type', '1.00', b'0'), ('75388696739713024', 'admin', '2018-11-15 15:00:07', 'admin', '2018-11-27 01:39:22', '', '按钮权限类型', 'permission_type', '2.00', b'0'), ('79717732567748608', 'admin', '2018-11-27 13:42:10', 'admin', '2018-11-27 13:42:10', '', '流程节点类型', 'process_node_type', '4.00', b'0'), ('81843858882695168', 'admin', '2018-12-03 10:30:38', 'admin', '2018-12-03 10:30:49', '', '优先级', 'priority', '5.00', b'0'), ('82236987314016256', 'admin', '2018-12-04 12:32:47', 'admin', '2018-12-04 12:32:47', '', '业务表', 'business_table', '6.00', b'0'), ('82236987314016257', 'admin', '2018-12-04 12:32:47', 'admin', '2018-12-04 12:32:47', '', '业务表单路由', 'business_form', '7.00', b'0'), ('99020862912466944', 'admin', '2019-01-19 20:05:54', 'admin', '2019-01-19 20:06:10', '', '请假类型', 'leave_type', '8.00', b'0');
COMMIT;


-- ----------------------------
--  Records of `t_dict_data`
-- ----------------------------
BEGIN;
INSERT INTO `t_dict_data` VALUES ('125170157323554816', 'admin', '2019-04-01 23:53:52', 'admin', '2019-04-01 23:53:52', '', '75383353938808832', '3.00', '0', '工作流', '工作流', b'0'), ('143851497954742272', 'admin', '2019-05-23 13:06:51', 'admin', '2019-05-23 13:06:51', '', '82236987314016256', '0.00', '0', '费用申请', 't_fee', b'0'), ('181952925847785472', 'admin', '2019-09-05 16:28:19', 'admin', '2019-09-18 13:53:27', '', '181952811699802112', '0.00', '0', '微信', 'weixin', b'0'), ('186621240104980480', 'admin', '2019-09-18 13:38:32', 'admin', '2019-09-18 13:53:00', '', '181952811699802112', '2.00', '0', '微博', 'sina', b'0'), ('186621404018380800', 'admin', '2019-09-18 13:39:11', 'admin', '2019-09-18 13:53:31', '', '181952811699802112', '1.00', '0', '抖音', 'douyin', b'0'), ('222107479775993856', 'timmy', '2019-12-25 11:48:11', 'admin', '2020-02-24 17:31:20', '贵宾客户校验接口', '222107238557376512', '0.00', '0', '贵宾客户', 'http://localhost:5031/core-api/whitelist/testApiListValidate', b'0'), ('255527676503220224', 'admin', '2020-03-26 17:08:07', 'admin', '2020-03-26 17:14:15', '', '255487073304272896', '0.00', '0', 'wx351238e871260534', '【盈天地】', b'0'), ('75158227712479232', 'admin', '2018-11-14 23:44:19', 'admin', '2019-04-01 23:53:13', '', '75135930788220928', '0.00', '0', '男', '男', b'0'), ('75159254272577536', 'admin', '2018-11-14 23:48:24', 'admin', '2019-04-01 23:53:17', '', '75135930788220928', '1.00', '0', '女', '女', b'0'), ('75159898425397248', 'admin', '2018-11-14 23:50:57', 'admin', '2019-04-01 23:53:22', '', '75135930788220928', '2.00', '-1', '保密', '保密', b'0'), ('75385648017575936', 'admin', '2018-11-15 14:48:00', 'admin', '2019-04-02 00:10:36', '', '75383353938808832', '0.00', '0', '系统公告', '系统公告', b'0'), ('75385706913992704', 'admin', '2018-11-15 14:48:14', 'admin', '2019-04-02 00:10:32', '', '75383353938808832', '1.00', '0', '提醒', '提醒', b'0'), ('75385774274514944', 'admin', '2018-11-15 14:48:30', 'admin', '2019-04-02 00:10:28', '', '75383353938808832', '2.00', '0', '私信', '私信', b'0'), ('75390787835138048', 'admin', '2018-11-15 15:08:26', 'admin', '2018-11-15 15:08:26', '', '75388696739713024', '0.00', '0', '查看操作(view)', 'view', b'0'), ('75390886501945344', 'admin', '2018-11-15 15:08:49', 'admin', '2018-11-15 15:08:57', '', '75388696739713024', '1.00', '0', '添加操作(add)', 'add', b'0'), ('75390993939042304', 'admin', '2018-11-15 15:09:15', 'admin', '2018-11-15 15:09:15', '', '75388696739713024', '2.00', '0', '编辑操作(edit)', 'edit', b'0'), ('75391067532300288', 'admin', '2018-11-15 15:09:32', 'admin', '2018-11-15 15:09:32', '', '75388696739713024', '3.00', '0', '删除操作(delete)', 'delete', b'0'), ('75391126902673408', 'admin', '2018-11-15 15:09:46', 'admin', '2018-11-15 15:09:46', '', '75388696739713024', '4.00', '0', '清空操作(clear)', 'clear', b'0'), ('75391192883269632', 'admin', '2018-11-15 15:10:02', 'admin', '2018-11-15 15:10:02', '', '75388696739713024', '5.00', '0', '启用操作(enable)', 'enable', b'0'), ('75391251024711680', 'admin', '2018-11-15 15:10:16', 'admin', '2018-11-15 15:10:16', '', '75388696739713024', '6.00', '0', '禁用操作(disable)', 'disable', b'0'), ('75391297124306944', 'admin', '2018-11-15 15:10:27', 'admin', '2018-11-15 15:10:27', '', '75388696739713024', '7.00', '0', '搜索操作(search)', 'search', b'0'), ('75391343379091456', 'admin', '2018-11-15 15:10:38', 'admin', '2018-11-15 15:10:38', '', '75388696739713024', '8.00', '0', '上传文件(upload)', 'upload', b'0'), ('75391407526776832', 'admin', '2018-11-15 15:10:53', 'admin', '2018-11-15 15:10:53', '', '75388696739713024', '9.00', '0', '导出操作(output)', 'output', b'0'), ('75391475042488320', 'admin', '2018-11-15 15:11:09', 'admin', '2018-11-15 15:11:09', '', '75388696739713024', '10.00', '0', '导入操作(input)', 'input', b'0'), ('75391522182270976', 'admin', '2018-11-15 15:11:21', 'admin', '2018-11-15 15:11:21', '', '75388696739713024', '11.00', '0', '分配权限(editPerm)', 'editPerm', b'0'), ('75391576364290048', 'admin', '2018-11-15 15:11:34', 'admin', '2018-11-15 15:11:34', '', '75388696739713024', '12.00', '0', '设为默认(setDefault)', 'setDefault', b'0'), ('75391798033256448', 'admin', '2018-11-15 15:12:26', 'admin', '2018-11-15 15:12:26', '', '75388696739713024', '13.00', '0', '其他操作(other)', 'other', b'0'), ('79717808262352896', 'admin', '2018-11-27 13:42:28', 'admin', '2018-11-27 13:42:28', '', '79717732567748608', '0.00', '0', '开始节点', '0', b'0'), ('79717858308788224', 'admin', '2018-11-27 13:42:40', 'admin', '2018-11-27 13:42:40', '', '79717732567748608', '1.00', '0', '审批节点', '1', b'0'), ('79717920061526016', 'admin', '2018-11-27 13:42:54', 'admin', '2018-12-08 20:35:39', '', '79717732567748608', '2.00', '0', '结束节点', '2', b'0'), ('81843987719131136', 'admin', '2018-12-03 10:31:08', 'admin', '2018-12-03 10:31:08', '', '81843858882695168', '0.00', '0', '普通', '0', b'0'), ('81844044015079424', 'admin', '2018-12-03 10:31:22', 'admin', '2018-12-03 10:31:22', '', '81843858882695168', '1.00', '0', '重要', '1', b'0'), ('81844100705292288', 'admin', '2018-12-03 10:31:35', 'admin', '2018-12-03 10:31:35', '', '81843858882695168', '2.00', '0', '紧急', '2', b'0'), ('82237106587439104', 'admin', '2018-12-04 12:33:15', 'admin', '2018-12-04 12:33:15', '', '82236987314016256', '0.00', '0', '请假申请表', 't_leave', b'0'), ('82237106587439105', 'admin', '2018-12-04 12:33:15', 'admin', '2018-12-04 12:33:15', '', '82236987314016257', '0.00', '0', '请假申请表', 'leave', b'0'), ('99020985985929216', 'admin', '2019-01-19 20:06:23', 'admin', '2019-04-01 23:55:48', '', '99020862912466944', '0.00', '0', '年假', '年假', b'0'), ('99021020739932160', 'admin', '2019-01-19 20:06:32', 'admin', '2019-04-01 23:55:52', '', '99020862912466944', '1.00', '0', '事假', '事假', b'0'), ('99021195566911488', 'admin', '2019-01-19 20:07:13', 'admin', '2019-04-01 23:55:56', '', '99020862912466944', '2.00', '0', '病假', '病假', b'0'), ('99021242476007424', 'admin', '2019-01-19 20:07:24', 'admin', '2019-04-01 23:56:01', '', '99020862912466944', '3.00', '0', '调休', '调休', b'0'), ('99021300730695680', 'admin', '2019-01-19 20:07:38', 'admin', '2019-04-01 23:56:05', '', '99020862912466944', '4.00', '0', '产假', '产假', b'0'), ('99021341889400832', 'admin', '2019-01-19 20:07:48', 'admin', '2019-04-01 23:56:10', '', '99020862912466944', '5.00', '0', '陪产假', '陪产假', b'0'), ('99021382393794560', 'admin', '2019-01-19 20:07:58', 'admin', '2019-04-01 23:56:14', '', '99020862912466944', '6.00', '0', '婚假', '婚假', b'0'), ('99021437171404800', 'admin', '2019-01-19 20:08:11', 'admin', '2019-04-01 23:56:18', '', '99020862912466944', '7.00', '0', '例假', '例假', b'0'), ('99021497724571648', 'admin', '2019-01-19 20:08:25', 'admin', '2019-04-01 23:56:23', '', '99020862912466944', '8.00', '0', '丧假', '丧假', b'0'), ('99021556704874496', 'admin', '2019-01-19 20:08:39', 'admin', '2019-04-01 23:56:27', '', '99020862912466944', '9.00', '0', '哺乳假', '哺乳假', b'0');
COMMIT;


-- ----------------------------
--  Records of `t_role`
-- ----------------------------
BEGIN;
INSERT INTO `t_role` VALUES ('496138616573952', '', '2018-04-22 23:03:49', 'admin', '2019-11-22 09:01:24', 'ROLE_ADMIN', b'1', '超级管理员 拥有所有权限', '0', b'0');
COMMIT;


-- ----------------------------
--  Records of `t_user`
-- ----------------------------
BEGIN;
INSERT INTO `t_user` VALUES ('16739222421508096', '', '2018-06-06 18:48:02', '', '2018-10-08 00:04:32', '', 'https://s1.ax1x.com/2018/05/19/CcdVQP.png', '', '1012139570@qq.com', '18782059033', '', '$2a$10$PS04ecXfknNd3V8d.ymLTObQciapMU4xU8.GADBZZsuTZr7ymnagy', '男', '0', '0', 'test2', '40652338142121984', '', '弱', b'0'), ('178309442738065408', 'admin', '2019-08-26 15:10:25', 'timmy', '2020-03-11 16:08:33', '[\"110000\",\"110100\",\"110101\"]', 'http://i.inndoo.ytdcloud.com/b0484ae4f0514a9fbc947c3e3e9c1e2d.jpg', 'fs', 'timmy.wang@ytdinfo.com', '18151070904', 'timmy', '$2a$10$.vckPgVV//wUm3iW3E3n1.HD/T35Vqu90U2BDDAxv4sGGzVgt2fz6', '男', '0', '1', 'timmy', null, 'fsfs', '弱', b'0'), ('178979499487006720', 'admin', '2019-08-28 11:33:00', 'admin', '2019-08-28 11:36:02', '', 'http://i.inndoo.ytdcloud.com/637cf3b2809443679a06795a55fd5748.png', '', '18895628576@163.com', '18895628576', '', '$2a$10$tZIL8b/FnBkBvszz1ypxHeptIXjOiEeujBOZHCbiQKqPIZUwZnIui', '男', '0', '0', 'test1234', null, '', '', b'0'), ('194980552355352576', 'admin', '2019-10-11 15:15:27', 'admin', '2019-11-28 17:39:19', '', 'http://i.inndoo.ytdcloud.com/b3bb3cb2aef54a0f9ee59ea2adb90995.jpg', '', '472510213@qq.com', '18896718615', '', '$2a$10$JZC/PjXvfWzMhATnQuL8VugvjqDJC5R6h1e1DysyBsT0AY8Kq/gE.', '男', '0', '1', 'barry', '', '', '', b'0'), ('212714964857655296', 'admin', '2019-11-29 13:45:41', 'timmy', '2019-11-29 14:10:12', '', 'http://i.inndoo.ytdcloud.com/0e07665a8cd44d66b9f8e7310f47de3a.jpg', '', 'zhulin@ytdinfo.com', '15995848737', '', '$2a$10$UJRVvZ1d0kPty2573AC9IetGzJ/ZSWzmh.LBv1ot/mIuKKHvdyu3O', '男', '0', '1', 'zhulin', '', '', '', b'0'), ('218200896138383360', 'timmy', '2019-12-14 17:04:49', 'admin', '2020-03-06 14:27:03', '', 'http://i.inndoo.ytdcloud.com/62231376f5044652b0ca896275619955.jpg', '', 'chenbiao@ytdinfo.com', '13771927017', '', '$2a$10$us1qNvPAiwhwoJWgymNr6Ol8o2v8gUAjRe6.q0bPFu0mG2ni2eZEm', '1', '0', '1', 'chenbiao', '247447550838267904', '', '', b'0'), ('250091423246848000', '', '2020-03-11 17:06:23', 'admin', '2020-03-11 17:06:49', '', 'http://i.inndoo.ytdcloud.com/sso/3090b8e002f347cdabb3c44f8121ac86.jpg', '', '18895628582@163.com', '17621371079', '', '$2a$10$LYGH9ntkXgusmzGtFL6X0eYaosSqaUtrBiE7u3fU.FlKXY66MIZS6', '男', '0', '1', 'cnyao', '249264336148652032', '', '', b'0'), ('253237552763375616', '', '2020-03-20 09:27:59', 'admin', '2020-03-25 16:26:55', '', 'http://i.inndoo.ytdcloud.com/sso/5191c58faa5c4cb9a4845a6babfaec02.jpg', '', '18895628582@163.com', '18895628582', '', '$2a$10$usU9lSAJmR/Ba4aTmUFY5OekR4orXjyxrucA.ooYYIix6ozLeeD9e', '男', '0', '1', 'test2', '', '', '', b'0'), ('255475080165855232', null, '2020-03-26 13:39:09', null, '2020-03-26 13:39:09', null, 'https://i.loli.net/2019/04/28/5cc5a71a6e3b6.png', null, null, '13861322149', null, '$2a$10$dkuoKpv9JlRMAGzit/3SnOKD9do3WCziGrY6c/NhSn4AUAnByhIAa', null, '0', '0', '13861322149', null, null, '弱', b'0'), ('4363087427670016', '', '2018-05-03 15:09:42', 'admin', '2019-06-05 13:59:41', '[\"510000\",\"510100\",\"510114\"]', 'https://s1.ax1x.com/2018/05/19/CcdVQP.png', '', '1012139570@qq.com', '18782059033', '', '$2a$10$PS04ecXfknNd3V8d.ymLTObQciapMU4xU8.GADBZZsuTZr7ymnagy', '男', '0', '0', 'test', '40343262766043136', '', '弱', b'0'), ('682265633886208', '', '2018-05-01 16:13:51', 'admin', '2019-10-28 15:10:41', '[\"510000\",\"510100\",\"510104\"]', 'http://i.inndoo.ytdcloud.com/a0fb09403a7d48589926b95160935e29.jpg', 'test', 'yaochangning@ytdinfo.com', '18151070904', 'Exrick', '$2a$10$McB8xG70mjb18AdIJ/la4eGWAgrtZft9TiVujgHK/3/vvC2PWgBny', '女', '0', '1', 'admin', null, '天府1街', '中', b'0');
COMMIT;


-- ----------------------------
--  Records of `t_user_role`
-- ----------------------------
BEGIN;
INSERT INTO `t_user_role` VALUES ('143943380060082176', 'admin', '2019-05-23 19:11:57', 'admin', '2019-05-23 19:11:57', '496138616573952', '682265633886209', b'0'), ('144273638881759232', 'admin', '2019-05-24 17:04:17', 'admin', '2019-05-24 17:04:17', '496138616573952', '682265633886208', b'0'), ('181203142271045632', 'admin', '2019-09-03 14:48:57', 'admin', '2019-09-03 14:48:57', '496138616573952', '181144323570536448', b'0'), ('212411375920701440', 'admin', '2019-11-28 17:39:19', 'admin', '2019-11-28 17:39:19', '496138616573952', '194980552355352576', b'0'), ('212454429377519616', 'timmy', '2019-11-28 20:30:24', 'timmy', '2019-11-28 20:30:24', '496138616573952', '178309442738065408', b'0'), ('212721135396151296', 'timmy', '2019-11-29 14:10:12', 'timmy', '2019-11-29 14:10:12', '496138616573952', '212714964857655296', b'0'), ('212754576598720512', 'timmy', '2019-11-29 16:23:05', 'timmy', '2019-11-29 16:23:05', '496138616573952', '212753745023340544', b'0'), ('214169649162575872', 'admin', '2019-12-03 14:06:04', 'admin', '2019-12-03 14:06:04', '496138616573952', '181595820972314624', b'0'), ('248239386792124416', 'admin', '2020-03-06 14:27:03', 'admin', '2020-03-06 14:27:03', '496138616573952', '218200896138383360', b'0'), ('250091534920278016', 'admin', '2020-03-11 17:06:49', 'admin', '2020-03-11 17:06:49', '496138616573952', '250091423246848000', b'0'), ('253237834952040448', 'cnyao', '2020-03-20 09:29:06', 'cnyao', '2020-03-20 09:29:06', '496138616573952', '253237552763375616', b'0');
COMMIT;

SET FOREIGN_KEY_CHECKS = 1;
